project,repo,repo_url,n_shas,shas
Alluxio_alluxio,Alluxio/alluxio,https://github.com/Alluxio/alluxio,2,d148ad075143ba5b6c765c6e4fd8b36457f2d529;714d0a8891ff4d3453d018983b3b57fbc5786267
ConsenSys_teku,ConsenSys/teku,https://github.com/ConsenSys/teku,1,b0dfa69af992bf1dbcd13880f033f4bd0a8b78cd
CorfuDB_CorfuDB,CorfuDB/CorfuDB,https://github.com/CorfuDB/CorfuDB,1,43709312b5b0f158697d7e27557b1dd1eec82e5c
Ericsson_ecchronos,Ericsson/ecchronos,https://github.com/Ericsson/ecchronos,1,caad1754c527affdb35540c4fbbc4c2dd55e9751
FasterXML_jackson-databind,FasterXML/jackson-databind,https://github.com/FasterXML/jackson-databind,1,7ec49b14e982e82bb7eee49ddc85938e9e036578
GoogleCloudPlatform_google-cloud-eclipse,GoogleCloudPlatform/google-cloud-eclipse,https://github.com/GoogleCloudPlatform/google-cloud-eclipse,1,314bda2bd2be0092dfad2b3c51b1e79392fd8dab
Kong_unirest-java,Kong/unirest-java,https://github.com/Kong/unirest-java,1,c896beb71210f21476288aab49a33b56209f3597
MundaneImmortal_pair-distribution-app,MundaneImmortal/pair-distribution-app,https://github.com/MundaneImmortal/pair-distribution-app,1,885a3c7c68ec496f28bb038c652f370d37e09c26
NationalSecurityAgency_timely,NationalSecurityAgency/timely,https://github.com/NationalSecurityAgency/timely,1,3a8cbd3378cffdc96aad1c52e9b0b2e1481ca45f
Netflix_Hystrix,Netflix/Hystrix,https://github.com/Netflix/Hystrix,1,4f693bf4ad2c298af842741c14f0e37c79537baa
ONSdigital_rm-collection-exercise-service,ONSdigital/rm-collection-exercise-service,https://github.com/ONSdigital/rm-collection-exercise-service,1,1d6d7946c2f026dc8113f899ccad89a4317d36be
OpenAPITools_openapi-generator,OpenAPITools/openapi-generator,https://github.com/OpenAPITools/openapi-generator,1,c09c6261ebb1fb5295d46f6ef65b332e53d87269
OpenLCB_OpenLCB_Java,OpenLCB/OpenLCB_Java,https://github.com/OpenLCB/OpenLCB_Java,1,998c531c996458916eb8aadf5ff89c774862793c
OryxProject_oryx,OryxProject/oryx,https://github.com/OryxProject/oryx,4,2ca76e7a17cb7b04c628a6e7322fd66328caf514;55adb53ee568345ed12c856ccd976ad500d0d240;c62839923a311272df007c48b3c201b055768ce8;1ba3b4138e13b7a9a196279b202fd7b85e9c08ca
ReactiveX_RxJava,ReactiveX/RxJava,https://github.com/ReactiveX/RxJava,3,dbfc9b746c94e0112e881ab278415d7f80354536;src/test/java/rx/internal/operators/OperatorRetryTest.java;cfa17ae1654305cc9d75a6f77413dd162b61f9fb
Tencent_Firestorm,Tencent/Firestorm,https://github.com/Tencent/Firestorm,1,5629783a9974fb4f8841f81bc99911cf1a01a1d2
Wikidata_wikidata-toolkit,Wikidata/wikidata-toolkit,https://github.com/Wikidata/wikidata-toolkit,1,20de6f7f12319f54eb962ff6e8357b3f5695d54d
abel533_Mapper,abel533/Mapper,https://github.com/abel533/Mapper,1,1764748eedb2f320a0d1c43cb4f928c4ccb1f2f5
alibaba_fastjson,alibaba/fastjson,https://github.com/alibaba/fastjson,3,abdbc16a127a2a3de3c75af055f6c5b3a1ec69e7;3ea25de368b185e3c9f3d56e46a4cfcdb9265318;e05e9c5e4be580691cc55a59f3256595393203a1
androidx_androidx,androidx/androidx,https://github.com/androidx/androidx,14,0c06688b4969c423282a2c01f5da21e4aa381746;86c64c70d20544022759333c0c9e5da8d6148d70;25727dfbb55bef6bb9f96f62e85af67282fdc967;6678f5dbd45d444c648dd660ce966b6931e81eb8;9bcde5522983033cbe6a2bc85d80d9205208d1a6;5cdc7604694626cd9e6da6c0f9523072e7d48455;6d65d10a40b33e52a365610cb299771178a56824;990cd87a7a18dcdd9535b0c556fa93a4f0e281de;af04c7b233cd1f46ad67d88d5d4e1d0bce7a49b9;0dfc7dae1875b1c0463d279bf6fd557447b99caf;413a58d3d92b162a7d004318453cf3d386824f7e;83292e3a7e3a5e109e35ab6e2e6a784a37436d44;f5ba0200eae882a87fcdc970ad53af85f4fb154d;1e7820def08357c7a191557bccc34e435c9cf6d4
aosp-mirror_platform_frameworks_support,aosp-mirror/platform_frameworks_support,https://github.com/aosp-mirror/platform_frameworks_support,1,277b9d6d56ba5a21240710b27c6e431498392a08
apache_avro,apache/avro,https://github.com/apache/avro,1,e04c2c291395339b8eb488a5e045500d366553b6
apache_beam,apache/beam,https://github.com/apache/beam,2,7bf73186f50f71c648bc045362a3cfdc1caf43f6;00dc9415d8b2c7b2ceceab87b7c45a2541736c77
apache_camel,apache/camel,https://github.com/apache/camel,3,a149852adc9fd6a8eb71d39edc1ff4736c881975;72d202e5a38b9ee4a802d257193043b7a1fc477d;37ada72e18efbb2f29202d14389035df929d7d95
apache_cassandra,apache/cassandra,https://github.com/apache/cassandra,3,7d4c2da7427392f506deaf832f2c66fc6a358688;9b32b8a4369049aec6e0848d21f524a40d2c93f1;844c8b03482d5cd7b8faac04d2e7a95694bd52a6
apache_commons-lang,apache/commons-lang,https://github.com/apache/commons-lang,1,7c32e527651a8a235d1b78b2f5d3f53d5e9bb6cb
apache_druid,apache/druid,https://github.com/apache/druid,1,5d043cefbc63c9d1e18936dcdd4426ceaaaed431
apache_dubbo,apache/dubbo,https://github.com/apache/dubbo,1,737f7a7ea67832d7f17517326fb2491d0a086dd7
apache_hadoop,apache/hadoop,https://github.com/apache/hadoop,3,cceb68ffeaebe31c11012faa294fe027d04706a8;5537c6b23430285ebee33c6d9b69d3ec1e9b17b1;14cd969b6ea1898e9db6eeb9ea5292ec4558a706
apache_hive,apache/hive,https://github.com/apache/hive,1,22ca245f311be348fe39469c4e7acdf06797f989
apache_ignite,apache/ignite,https://github.com/apache/ignite,2,5fa5c5483d7dda59cc7806cd647f00bbdb66b216;525a0636a10460c6db373ffb4badeff31a42471b
apache_jackrabbit,apache/jackrabbit,https://github.com/apache/jackrabbit,2,1522657;1157104
apache_kafka,apache/kafka,https://github.com/apache/kafka,5,1e823a6884c8123635756fda56ed1e77ea725ff3;57770dd235a82994f296971079a97281be0a130b;29383d6d6a3d42d30e815fbbb084275d449928c8;ac35ef6242d6893223af946f3c9438b8b4294389;6fb8bd0987d2da1ded55383a02692a34f120f3b4
apache_kylin,apache/kylin,https://github.com/apache/kylin,1,31ab93618311cde8b95ca400811861002d7eaefb
apache_ozone,apache/ozone,https://github.com/apache/ozone,2,a5cc88635f9cf0dd36858bf69f477471996961f0;a9d1d2b14c476a914211f6d3eb65bdf34e5a1a24
apache_pinot,apache/pinot,https://github.com/apache/pinot,1,12b106bb27013c3d845930e2c7a5c629b662f778
apache_pulsar,apache/pulsar,https://github.com/apache/pulsar,16,3a79596e36ea379051239aaac9c1d78ace9a42d2;1fd44908e76881cd8035f0772a9cdccc7bafb62d;ae625ef22e74992c89a459ba732cb0ba6c89605a;adf1007cca44e1f4dbd8b3a0d4cfaa9665898439;78c2981a8bc0af4ee883357b99a40e83be8ffa4b;commit def26fe235a4a9e274475a24125e5ca7db23d5b7;7ad46c8c18bb8365c9a2d1233a6cd58ecd6f541f;ecc56b42b02a7d3e5aaaa707ef44e4e5f3f9e68c;cc68f56c9c32ef4b1ea8595c688cd684eb0253f6;f7f9406a4676cb1dcda9e5dde9815b0cecf0aaff;5c82997c97c3515dc3b689f7b395ba533846c34d;4f1bc772fddd7e3f21e9fa8ea556e26144152fd4;50e6b3e529686f3e0e545fac1b518f66b3e3c3dc;f99e3a9f41472ecbc2f2603e2478a7d63270843a;5e67e7d4b525b2615a217490322456b367724c2a;505e08a76425c6e49ff5bc691f8ca7587184a2bf
apache_samza,apache/samza,https://github.com/apache/samza,1,39f65300e5dd3c9e3b6498d213383003cbd5b3c7
apache_shardingsphere-elasticjob,apache/shardingsphere-elasticjob,https://github.com/apache/shardingsphere-elasticjob,1,b022898ef1b8c984e17efb2a422ee45f6b13e46e
apache_struts,apache/struts,https://github.com/apache/struts,1,13d9053050c9e4fb2ef049db6a37d3f6eebf48fa
apache_zookeeper,apache/zookeeper,https://github.com/apache/zookeeper,3,3ff30a6427fdc2f13e60ff530800eca55ff02c9a;bc5083f85a72837d9cf5b32b82eecc6d0c06a35c;6949af062d5ad3cdb36c86afc3728ede78c8039d
aws_aws-sdk-java-v2,aws/aws-sdk-java-v2,https://github.com/aws/aws-sdk-java-v2,1,b47d247d9307c2f9534bf8fd58a6ec6a25b03722
camunda-cloud_zeebe,camunda-cloud/zeebe,https://github.com/camunda-cloud/zeebe,5,b2ac5f10944c8a5d4fc1bb0cba2379265f5ec071;a8a720598b9b74d738e78903d95639151bcf70ff;2dbafbf4130b4b6ca66a32cb085770cffef282ae;b39bb55c22266523a07552c4a6daa29a782436bd;1fbbe367d8d6bd6f008db0d55e7bf3a2acccdb53
cdancy_jenkins-rest,cdancy/jenkins-rest,https://github.com/cdancy/jenkins-rest,1,29d25afd7d208fdb1625778354e5246454ed6ad7
cdapio_cdap,cdapio/cdap,https://github.com/cdapio/cdap,3,37aadf29196fe4d2286ab2ac3a2872f6f6af269e;3f8767cc071907fa58009401f4c17929e1b0aad0;f991d1ff19aaceea2d6dc69a6c3d68180784f797
cloudfoundry_uaa,cloudfoundry/uaa,https://github.com/cloudfoundry/uaa,1,65f19f0eac6fa09b9781f7787dc908ccff54e601
commercetools-project-sync,commercetools/commercetools-project-sync,https://github.com/commercetools/commercetools-project-sync,1,34e043114cba91a2926f43a6e231e6b18b4e3f56
ctco_cukes,ctco/cukes,https://github.com/ctco/cukes,1,b483e1a8f261b80a66291a42fc455256b0b5059c
doanduyhai_Achilles,doanduyhai/Achilles,https://github.com/doanduyhai/Achilles,1,e0df1de64ab5e39bae530aa8cd1bda7017e7951e
dropwizard_dropwizard,dropwizard/dropwizard,https://github.com/dropwizard/dropwizard,1,ab265eb230f4f5a3deda18b3a743f62186a402cc
eclipse_jetty.project,eclipse/jetty.project,https://github.com/eclipse/jetty.project,1,5eb30b61bbcb23fe32a0803573e3b0d4581ce972
eclipse_xtext-core,eclipse/xtext-core,https://github.com/eclipse/xtext-core,1,0573060c99296f6017b5efe10bf0ea4386d80ef6
epimorphics_appbase,epimorphics/appbase,https://github.com/epimorphics/appbase,1,451d4123b6045e9bc7eca92844e9224cde6f95f2
fabiomaffioletti_jsondoc,fabiomaffioletti/jsondoc,https://github.com/fabiomaffioletti/jsondoc,1,de5bd0024b4e5444a541fa4fa4ec518176b646f3
finos_symphony-wdk,finos/symphony-wdk,https://github.com/finos/symphony-wdk,1,1edc968b217c95abca1be617933ae96043df4682
graylog2_graylog2-server,graylog2/graylog2-server,https://github.com/graylog2/graylog2-server,3,75c3ad5581dd1e8aead48174b218d619d32c0b2f;ce9b5561c5e0ad4dd33321f6ad2e6ad97051d953;87d63f677759336987fbb21fd9c688235618e7bb
hwang-pku_ormlite-core,hwang-pku/ormlite-core,https://github.com/hwang-pku/ormlite-core,2,0f23de554ffe78ddea5a828d57e9418a19c22076;843a9961bb94d0f03eb7a3ebc7551e72ccb7b71a
jReddit_jReddit,jReddit/jReddit,https://github.com/jReddit/jReddit,1,ac0b518f190c30228e401ef66d53329bbd27bad6
julianghionoiu_dpnt-coverage,julianghionoiu/dpnt-coverage,https://github.com/julianghionoiu/dpnt-coverage,1,f9909e5499f187914af5373613b32baba23e70c8
kiwiproject_dropwizard-service-utilities,kiwiproject/dropwizard-service-utilities,https://github.com/kiwiproject/dropwizard-service-utilities,1,1ab34b008e2ca8748960a0a73ba304328ab374a8
ktuukkan_marine-api,ktuukkan/marine-api,https://github.com/ktuukkan/marine-api,1,af0003847db9ba822f67d4f1dceb8de3fe63250a
line_armeria,line/armeria,https://github.com/line/armeria,1,134069c5dafaa5c17f9c5719bba1d93c611c71ce
liquibase_liquibase,liquibase/liquibase,https://github.com/liquibase/liquibase,1,31a22561423919b3875e0563a7bdcde3b9e457a9
looly_hutool,looly/hutool,https://github.com/looly/hutool,1,c1642522bbf5adc70fb57517e46d5a921d9a5703
microsoft_botbuilder-java,microsoft/botbuilder-java,https://github.com/microsoft/botbuilder-java,1,6367769151a712e553b0d83a2baab9b81fe7574e
neo4j_neo4j,neo4j/neo4j,https://github.com/neo4j/neo4j,6,f87f40354d63a12e0ae944e26c576c11b549de97;c77e579b40b0208720d51c5db0a07cb433249447;bfaea9cd21515129b627bbdc6b0b886f826854d6;a14dca2c3e3724d463cc48336c4137fc5675683e;1feb500dad6e51d04fd49981842b4a3ae0a9ba3f;fa9fa29f8f5704dbfe8f84f7621cebdb55152725
netty_netty,netty/netty,https://github.com/netty/netty,2,b5a27745028c9e23e1cdab30bc8c2c029bb03378;16f2a5e49f7bc018d3a0c3d3a8f090749229f301
networknt_json-schema-validator,networknt/json-schema-validator,https://github.com/networknt/json-schema-validator,1,4ac0fbd881d41252e43a321d0ea7ad5ead20ffa1
nutzam_nutz,nutzam/nutz,https://github.com/nutzam/nutz,1,97745dd754eb9aee59aa806d90be53aac051a3e5
open-telemetry_opentelemetry-java-instrumentation,open-telemetry/opentelemetry-java-instrumentation,https://github.com/open-telemetry/opentelemetry-java-instrumentation,1,1d5b03d3b538d1d5e20d81e742f54129ab129d10
opensearch-project_OpenSearch,opensearch-project/OpenSearch,https://github.com/opensearch-project/OpenSearch,2,24fd89a1fd435441e9a5591bb535c495d47ab57b;82f52b17e13159e094bc46be53ee332f847ad583
opensource4you_astraea,opensource4you/astraea,https://github.com/opensource4you/astraea,1,4837d44583ddf5cbdf13e24aac038bb58f4ba137
palantir_atlasdb,palantir/atlasdb,https://github.com/palantir/atlasdb,2,84d3fc832eba04ba102fbbd5461a8e1a9f1c7f0d;f61dde689afb75281b97299751359f973f3ed259
pholser_junit-quickcheck,pholser/junit-quickcheck,https://github.com/pholser/junit-quickcheck,1,9361b6dae25b193782604d071754eb7fc566390a
pushtorefresh_storio,pushtorefresh/storio,https://github.com/pushtorefresh/storio,1,9e53b4590370112fbac55a13533d17f788c59ca3
quarkusio_quarkus,quarkusio/quarkus,https://github.com/quarkusio/quarkus,1,bb882d1d4e685ce2ca31c04795ae1b0012872e1d
realm_realm-java,realm/realm-java,https://github.com/realm/realm-java,1,f4b8bfbaf177b2af98ab17c0fba3fb8c304cddcc
salesforce_reactive-grpc,salesforce/reactive-grpc,https://github.com/salesforce/reactive-grpc,1,c25d41b045484860e02377d232d922bf78125dde
soot-oss_soot,soot-oss/soot,https://github.com/soot-oss/soot,1,41c5e68261aea47c61736b78079075e4ffe92639
spotify_docker-client,spotify/docker-client,https://github.com/spotify/docker-client,1,1644ce9eaf11de126076317933aeb6fc6f29e5b4
spring-cloud_spring-cloud-config,spring-cloud/spring-cloud-config,https://github.com/spring-cloud/spring-cloud-config,1,922590e084284fc95566f8dcb277e94733cff2ec
spring-projects_spring-data-couchbase,spring-projects/spring-data-couchbase,https://github.com/spring-projects/spring-data-couchbase,2,d8d249502d4f6f2a515ca7f35c4de572278a2b81;b99dc7794ad95a328f42920d8de88aa77c586c2f
spring-projects_spring-data-envers,spring-projects/spring-data-envers,https://github.com/spring-projects/spring-data-envers,1,5637994be37747e82b2d6d5b34555e2bee791fe6
spring-projects_spring-framework,spring-projects/spring-framework,https://github.com/spring-projects/spring-framework,1,bf373c5065fc5b561b385365cb01a9eb27621e9e
square_okhttp,square/okhttp,https://github.com/square/okhttp,4,5f26982c393177b6807537e499eee3e4e7a9d94e;c13c8fa897b8f33198226db9ed7f9cf471cc624c;87bfe81744b407ddba3b6fc154949204af546ea5;afec05a4790eab9335cfb622ca518cfbe2ec2d5e
stanfordnlp_CoreNLP,stanfordnlp/CoreNLP,https://github.com/stanfordnlp/CoreNLP,1,a53d57c1518d78eb8364553b8d75c53021e46f8d
strapdata_elassandra,strapdata/elassandra,https://github.com/strapdata/elassandra,2,07f54c74034f29e637a36f565b426c9ee9989c49;25bc5d872bc6a5e41c3dee38fbbe0e183f6228bf
swankjesse_dex,swankjesse/dex,https://github.com/swankjesse/dex,2,dfe203b9f580f238240d56b4878336594af9b2cc;0311cd2be856e4c5872ebbe5ac7e12eac334ad73
tbsalling_aismessages,tbsalling/aismessages,https://github.com/tbsalling/aismessages,1,7b0c4c708b6bb9a6da3d5737bcad1857ade8a931
testcontainers_testcontainers-java,testcontainers/testcontainers-java,https://github.com/testcontainers/testcontainers-java,1,fc2f169fac91c413f7af5658d93445902470a9c6
togglz_togglz,togglz/togglz,https://github.com/togglz/togglz,1,e8eacd4de866354d0f92224a6897809727a18bd6
trinodb_trino,trinodb/trino,https://github.com/trinodb/trino,3,f009a46eb8a955c339eac2f6277ad112011d1216;4e70e865fa9714bb6a07219de716db6b1900305b;792ab8f64c878b14cc439973af7099426d216903
triplea-game_triplea,triplea-game/triplea,https://github.com/triplea-game/triplea,1,d5cb14872aaf259f05aeb28b528dde89c73b542d
undertow-io_undertow,undertow-io/undertow,https://github.com/undertow-io/undertow,1,d0efffad5d2034bb07525cac9b299dac72c3045d
vert-x3_vertx-mongo-client,vert-x3/vertx-mongo-client,https://github.com/vert-x3/vertx-mongo-client,1,ca95202ca9880344cdf0c05aa0107c3242b71657
vespa-engine_vespa,vespa-engine/vespa,https://github.com/vespa-engine/vespa,1,aa43693517b3c165c4a03f38527596c5e1705b90
vojtechhabarta_typescript-generator,vojtechhabarta/typescript-generator,https://github.com/vojtechhabarta/typescript-generator,1,caef58bfe55a8cd1fc5d7368c19e9ff818a7b7fa
wildfly_wildfly,wildfly/wildfly,https://github.com/wildfly/wildfly,1,b19048b72669fc0e96665b1b125dc1fda21f5993
