role,construct,z,fix_commits,fix_projects,bg_commits,bg_projects,fix_rate,bg_rate,projects_overlapping_flakebench,projects_independent
control,type:LinkedHashMap,8.18,84,68,31,28,0.1379,0.0255,15,53
control,new:LinkedHashMap,7.92,80,66,31,28,0.1314,0.0255,15,51
control,call:sort,6.38,50,40,17,15,0.0821,0.014,17,23
control,type:String,6.09,207,112,616,226,0.3399,0.5062,27,85
control,call:assertEquals,6.04,70,41,67,44,0.1149,0.0551,11,30
control,type:JSONAssert,5.88,32,17,0,0,0.0525,0.0,4,13
control,type:Map,5.8,108,80,198,129,0.1773,0.1627,20,60
control,static:JSONAssert.assertEquals,5.7,30,16,0,0,0.0493,0.0,4,12
control,static:Arrays.sort,5.34,28,26,2,2,0.046,0.0016,13,13
control,type:Comparator,4.78,33,27,18,18,0.0542,0.0148,10,17
control,call:comparing,4.69,25,21,6,6,0.0411,0.0049,7,14
control,static:Comparator.comparing,4.58,24,20,6,6,0.0394,0.0049,6,14
control,type:Arrays,4.38,62,49,114,89,0.1018,0.0937,18,31
control,type:JSONException,4.27,20,11,4,3,0.0328,0.0033,4,7
control,annot:JsonPropertyOrder,4.05,16,13,1,1,0.0263,0.0008,4,9
control,type:Assert,3.99,56,36,112,66,0.092,0.092,11,25
control,type:JsonPropertyOrder,3.94,16,13,2,2,0.0263,0.0016,4,9
control,call:toJSONString,3.8,15,5,2,2,0.0246,0.0016,1,4
control,call:toString,3.71,66,49,173,120,0.1084,0.1422,12,37
control,type:Matchers,3.65,21,14,14,12,0.0345,0.0115,4,10
control,call:readTree,3.65,20,15,12,9,0.0328,0.0099,6,9
control,type:LinkedHashSet,3.65,22,21,16,16,0.0361,0.0131,6,15
control,new:LinkedHashSet,3.59,21,20,15,15,0.0345,0.0123,6,14
control,static:Assert.assertEquals,3.41,30,19,43,27,0.0493,0.0353,7,12
control,call:clear,3.3,28,8,40,34,0.046,0.0329,3,5
control,type:JsonParser,3.24,15,13,8,7,0.0246,0.0066,0,13
control,call:split,3.1,25,15,36,30,0.0411,0.0296,4,11
control,new:ObjectMapper,2.94,15,12,12,11,0.0246,0.0099,3,9
control,annot:After,2.84,13,8,9,8,0.0213,0.0074,5,3
control,call:reset,2.84,16,8,16,12,0.0263,0.0131,5,3
control,call:annotationType,2.79,8,8,1,1,0.0131,0.0008,3,5
control,new:JsonParser,2.79,8,8,1,1,0.0131,0.0008,0,8
control,call:writeValueAsString,2.75,15,9,15,11,0.0246,0.0123,3,6
control,call:containsAll,2.71,9,8,3,3,0.0148,0.0025,1,7
control,call:equals,2.67,55,44,200,141,0.0903,0.1643,10,34
control,call:compareTo,2.6,12,11,10,8,0.0197,0.0082,4,7
control,call:parseString,2.59,7,5,1,1,0.0115,0.0008,0,5
control,type:ObjectMapper,2.59,18,14,27,19,0.0296,0.0222,3,11
control,static:JsonParser.parseString,2.59,7,5,1,1,0.0115,0.0008,0,5
control,call:assertThat,2.59,9,6,4,4,0.0148,0.0033,2,4
control,type:Integer,2.58,38,34,113,88,0.0624,0.0929,8,26
control,static:Arrays.asList,2.57,30,24,75,63,0.0493,0.0616,8,16
control,call:asList,2.57,30,24,75,63,0.0493,0.0616,8,16
control,call:assertTrue,2.57,21,18,38,28,0.0345,0.0312,5,13
control,type:After,2.56,13,8,13,12,0.0213,0.0107,5,3
control,type:Field,2.53,16,12,22,22,0.0263,0.0181,7,5
control,type:Gson,2.51,8,8,3,3,0.0131,0.0025,2,6
control,type:TreeMap,2.43,11,11,10,8,0.0181,0.0082,2,9
control,type:Set,2.43,35,30,107,81,0.0575,0.0879,8,22
control,call:containsExactlyInAnyOrder,2.4,10,7,8,7,0.0164,0.0066,2,5
control,type:CoreMatchers,2.39,8,7,4,4,0.0131,0.0033,3,4
control,new:TreeMap,2.32,10,10,9,8,0.0164,0.0074,1,9
control,type:TreeSet,2.3,7,7,3,3,0.0115,0.0025,1,6
control,new:Comparator,2.21,6,5,2,2,0.0099,0.0016,2,3
control,type:Json,2.21,9,5,8,7,0.0148,0.0066,2,3
control,new:TreeSet,2.21,6,6,2,2,0.0099,0.0016,1,5
control,static:Collections.sort,2.18,7,6,4,4,0.0115,0.0033,2,4
control,call:contains,2.09,36,30,136,95,0.0591,0.1118,10,20
control,call:getDeclaredFields,2.07,6,5,3,3,0.0099,0.0025,3,2
control,type:JsonNode,2.06,12,10,19,15,0.0197,0.0156,5,5
control,static:Assert.assertTrue,2.04,13,13,23,17,0.0213,0.0189,4,9
control,type:Object,2.04,50,35,231,139,0.0821,0.1898,11,24
control,type:HashSet,2.0,17,16,40,37,0.0279,0.0329,5,11
control,kw:static,1.99,93,62,568,221,0.1527,0.4667,17,45
control,type:Annotation,1.97,7,7,6,6,0.0115,0.0049,2,5
control,type:JSONObject,1.77,10,7,18,10,0.0164,0.0148,2,5
control,new:String,1.76,21,13,70,54,0.0345,0.0575,6,7
control,new:HashSet,1.74,15,14,40,37,0.0246,0.0329,4,10
control,call:toJson,1.72,7,7,9,8,0.0115,0.0074,2,5
control,type:Assertions,1.63,36,21,176,96,0.0591,0.1446,5,16
control,type:List,1.6,51,37,293,169,0.0837,0.2408,13,24
control,call:parse,1.56,12,12,32,29,0.0197,0.0263,2,10
control,static:Assertions.assertTrue,1.55,8,5,15,11,0.0131,0.0123,1,4
control,type:Collectors,1.53,18,18,65,56,0.0296,0.0534,3,15
control,static:Assertions.assertEquals,1.52,10,7,24,18,0.0164,0.0197,1,6
control,call:getMessage,1.47,23,18,100,73,0.0378,0.0822,6,12
control,static:Set.of,1.42,9,5,22,21,0.0148,0.0181,0,5
control,call:readValue,1.42,9,6,22,16,0.0148,0.0181,3,3
control,type:MatcherAssert,1.36,7,5,15,12,0.0115,0.0123,1,4
control,call:collect,1.31,17,17,71,62,0.0279,0.0583,3,14
control,type:JsonProcessingException,1.3,6,5,12,11,0.0099,0.0099,1,4
control,call:sorted,1.3,6,6,12,11,0.0099,0.0099,2,4
control,call:replace,1.22,9,7,28,24,0.0148,0.023,0,7
control,static:Arrays.stream,1.22,7,7,18,15,0.0115,0.0148,1,6
control,call:keySet,1.21,8,7,23,21,0.0131,0.0189,0,7
control,type:Method,1.13,9,9,31,26,0.0148,0.0255,4,5
control,call:stream,0.95,20,18,119,93,0.0328,0.0978,3,15
control,call:get,0.87,44,37,343,185,0.0722,0.2818,11,26
control,call:of,0.73,24,13,176,100,0.0394,0.1446,3,10
control,type:Type,0.7,7,7,35,27,0.0115,0.0288,2,5
control,call:trim,0.7,9,7,50,39,0.0148,0.0411,2,5
control,type:HashMap,0.64,13,12,87,60,0.0213,0.0715,7,5
control,call:isEqualTo,0.64,11,10,70,44,0.0181,0.0575,1,9
control,static:Collectors.toList,0.61,7,7,39,35,0.0115,0.032,3,4
control,type:IllegalArgumentException,0.6,12,8,81,63,0.0197,0.0666,6,2
control,new:IllegalArgumentException,0.57,9,6,58,50,0.0148,0.0477,4,2
control,type:ArrayList,0.5,17,15,137,98,0.0279,0.1126,4,11
control,new:ArrayList,0.49,16,14,128,91,0.0263,0.1052,3,11
control,call:map,0.49,12,11,90,67,0.0197,0.074,2,9
control,call:toList,0.43,8,8,58,49,0.0131,0.0477,3,5
control,type:Exception,0.38,23,15,213,127,0.0378,0.175,7,8
control,type:Long,0.36,8,7,63,49,0.0131,0.0518,0,7
control,new:RuntimeException,0.35,6,6,45,39,0.0099,0.037,1,5
control,call:startsWith,0.34,7,6,55,47,0.0115,0.0452,4,2
control,call:put,0.33,18,15,167,117,0.0296,0.1372,6,9
control,call:entrySet,0.33,6,6,46,42,0.0099,0.0378,2,4
control,call:getType,0.3,6,6,48,41,0.0099,0.0394,1,5
control,type:Class,0.3,12,12,108,78,0.0197,0.0887,5,7
control,kw:final,0.29,46,37,481,210,0.0755,0.3952,13,24
control,type:Collections,0.28,14,13,131,89,0.023,0.1076,4,9
control,call:getValue,0.28,12,12,111,79,0.0197,0.0912,4,8
control,call:getKey,0.24,6,6,52,44,0.0099,0.0427,3,3
control,call:format,0.17,7,5,68,55,0.0115,0.0559,2,3
control,call:getName,0.17,16,16,167,112,0.0263,0.1372,5,11
control,call:size,0.09,14,13,155,111,0.023,0.1274,5,8
control,call:substring,0.06,6,5,66,54,0.0099,0.0542,1,4
control,call:add,0.05,16,15,184,123,0.0263,0.1512,4,11
control,new:HashMap,0.04,7,7,80,57,0.0115,0.0657,4,3
control,type:RuntimeException,-0.0,6,6,72,57,0.0099,0.0592,1,5
control,call:create,-0.18,6,6,91,68,0.0099,0.0748,2,4
control,type:System,-0.25,6,5,99,72,0.0099,0.0813,2,3
control,type:IOException,-0.33,10,8,167,107,0.0164,0.1372,4,4
control,call:isEmpty,-0.5,8,8,167,115,0.0131,0.1372,5,3
control,annot:Override,-0.85,8,7,239,145,0.0131,0.1964,1,6
control,type:Override,-0.85,8,7,239,145,0.0131,0.1964,1,6
hazard,type:Test,8.08,301,146,395,195,0.4943,0.3246,35,111
hazard,annot:Test,7.83,266,130,332,183,0.4368,0.2728,32,98
hazard,call:assertEquals,7.22,96,52,39,28,0.1576,0.032,16,36
hazard,static:Assert.assertEquals,6.63,69,39,18,15,0.1133,0.0148,14,25
hazard,type:Assert,6.37,114,62,92,60,0.1872,0.0756,20,42
hazard,type:HashMap,6.29,130,93,125,92,0.2135,0.1027,26,67
hazard,new:HashMap,6.15,99,77,73,57,0.1626,0.06,18,59
hazard,type:Map,4.86,158,105,264,152,0.2594,0.2169,27,78
hazard,call:toJSONString,4.42,25,7,2,2,0.0411,0.0016,1,6
hazard,call:writeValueAsString,4.34,29,18,7,5,0.0476,0.0058,5,13
hazard,type:String,4.3,275,152,667,233,0.4516,0.5481,36,116
hazard,type:HashSet,3.62,48,38,51,45,0.0788,0.0419,12,26
hazard,call:toString,3.6,87,63,145,103,0.1429,0.1191,16,47
hazard,call:toJson,3.27,19,17,7,7,0.0312,0.0058,3,14
hazard,type:Assertions,3.21,83,37,153,92,0.1363,0.1257,8,29
hazard,call:put,3.11,78,54,144,107,0.1281,0.1183,14,40
hazard,type:List,3.09,150,101,369,180,0.2463,0.3032,29,72
hazard,new:HashSet,3.05,33,26,34,31,0.0542,0.0279,10,16
hazard,type:TestCase,2.99,16,6,6,4,0.0263,0.0049,1,5
hazard,static:Assertions.assertEquals,2.99,25,11,20,14,0.0411,0.0164,2,9
hazard,call:reset,2.97,18,6,9,8,0.0296,0.0074,3,3
hazard,call:size,2.77,71,56,140,95,0.1166,0.115,19,37
hazard,call:getStatus,2.71,18,6,12,10,0.0296,0.0099,2,4
hazard,type:Arrays,2.64,62,53,120,86,0.1018,0.0986,15,38
hazard,type:JsonInclude,2.61,10,9,2,2,0.0164,0.0016,3,6
hazard,type:Matchers,2.6,20,14,17,12,0.0328,0.014,4,10
hazard,type:JSON,2.59,26,5,29,24,0.0427,0.0238,2,3
hazard,call:get,2.54,113,73,288,161,0.1856,0.2366,21,52
hazard,type:Integer,2.5,53,47,100,74,0.087,0.0822,11,36
hazard,call:isEqualTo,2.49,32,21,45,34,0.0525,0.037,3,18
hazard,call:containsExactly,2.42,12,8,6,6,0.0197,0.0049,2,6
hazard,type:Gson,2.37,13,11,8,8,0.0213,0.0066,2,9
hazard,type:Json,2.37,13,7,8,5,0.0213,0.0066,2,5
hazard,type:ArrayList,2.3,78,60,187,123,0.1281,0.1537,21,39
hazard,call:getMethods,2.3,9,9,3,3,0.0148,0.0025,3,6
hazard,type:JSONObject,2.29,17,10,16,10,0.0279,0.0131,1,9
hazard,call:getDeclaredFields,2.26,11,9,6,5,0.0181,0.0049,7,2
hazard,call:annotationType,2.25,7,7,1,1,0.0115,0.0008,3,4
hazard,type:Before,2.2,27,20,40,32,0.0443,0.0329,5,15
hazard,type:CoreMatchers,2.19,13,9,10,8,0.0213,0.0082,3,6
hazard,call:asList,2.06,31,28,54,41,0.0509,0.0444,7,21
hazard,type:Set,2.05,59,50,139,94,0.0969,0.1142,18,32
hazard,type:ObjectMapper,2.01,22,17,32,26,0.0361,0.0263,5,12
hazard,static:Arrays.asList,2.0,30,27,53,41,0.0493,0.0435,6,21
hazard,type:Object,1.99,79,58,209,125,0.1297,0.1717,19,39
hazard,kw:static,1.99,176,101,569,231,0.289,0.4675,28,73
hazard,type:TypeReference,1.98,8,5,4,4,0.0131,0.0033,2,3
hazard,call:getType,1.95,25,14,41,36,0.0411,0.0337,3,11
hazard,call:assertThat,1.92,7,5,3,3,0.0115,0.0025,0,5
hazard,type:MatcherAssert,1.9,16,11,20,14,0.0263,0.0164,2,9
hazard,static:Assertions.assertNull,1.88,6,5,2,2,0.0099,0.0016,1,4
hazard,type:Collections,1.83,55,41,137,101,0.0903,0.1126,11,30
hazard,call:getAnnotations,1.78,7,7,4,4,0.0115,0.0033,2,5
hazard,call:keySet,1.76,15,14,20,17,0.0246,0.0164,3,11
hazard,call:iterator,1.73,18,16,28,25,0.0296,0.023,6,10
hazard,call:assertNotNull,1.73,8,7,6,6,0.0131,0.0049,2,5
hazard,call:assertNull,1.73,8,7,6,5,0.0131,0.0049,1,6
hazard,new:String,1.72,25,19,47,40,0.0411,0.0386,5,14
hazard,static:Lists.newArrayList,1.71,6,6,3,3,0.0099,0.0025,2,4
hazard,call:readValue,1.71,9,6,8,8,0.0148,0.0066,3,3
hazard,type:Include,1.71,6,6,3,3,0.0099,0.0025,2,4
hazard,call:newArrayList,1.65,7,7,5,4,0.0115,0.0041,3,4
hazard,type:Field,1.62,14,13,20,18,0.023,0.0164,7,6
hazard,call:encode,1.62,8,5,7,7,0.0131,0.0058,1,4
hazard,type:URL,1.59,15,9,23,19,0.0246,0.0189,2,7
hazard,type:Mockito,1.54,31,20,71,45,0.0509,0.0583,3,17
hazard,type:Date,1.54,18,14,32,28,0.0296,0.0263,3,11
hazard,type:After,1.54,10,8,12,9,0.0164,0.0099,2,6
hazard,call:assertTrue,1.51,14,10,22,18,0.023,0.0181,2,8
hazard,type:Annotation,1.46,10,9,13,11,0.0164,0.0107,2,7
hazard,call:next,1.45,19,18,37,32,0.0312,0.0304,4,14
hazard,call:newHashSet,1.44,6,5,5,3,0.0099,0.0041,2,3
hazard,type:Exception,1.43,65,33,195,123,0.1067,0.1602,11,22
hazard,type:MAPPER,1.32,6,5,6,4,0.0099,0.0049,1,4
hazard,call:fromJson,1.32,6,5,6,6,0.0099,0.0049,0,5
hazard,type:LinkedList,1.32,10,9,15,12,0.0164,0.0123,5,4
hazard,static:Assert.assertTrue,1.29,9,8,13,11,0.0148,0.0107,1,7
hazard,type:BeforeClass,1.29,9,8,13,11,0.0148,0.0107,3,5
hazard,annot:BeforeEach,1.28,12,5,21,15,0.0197,0.0173,1,4
hazard,static:Mockito.when,1.23,7,5,9,6,0.0115,0.0074,1,4
hazard,type:Method,1.22,18,18,40,34,0.0296,0.0329,5,13
hazard,call:replaceAll,1.21,6,6,7,7,0.0099,0.0058,3,3
hazard,type:Lists,1.15,7,7,10,8,0.0115,0.0082,3,4
hazard,type:ImmutableList,1.11,8,7,13,8,0.0131,0.0107,3,4
hazard,type:Type,1.09,20,16,50,41,0.0328,0.0411,7,9
hazard,type:Target,1.07,7,5,11,8,0.0115,0.009,3,2
hazard,call:when,1.02,10,6,20,16,0.0164,0.0164,1,5
hazard,type:Path,1.02,19,16,49,40,0.0312,0.0403,5,11
hazard,type:Iterator,1.02,12,11,26,22,0.0197,0.0214,3,8
hazard,new:ObjectMapper,0.98,8,7,15,14,0.0131,0.0123,1,6
hazard,type:Collection,0.97,24,18,68,53,0.0394,0.0559,10,8
hazard,type:BeforeEach,0.95,17,9,44,32,0.0279,0.0362,1,8
hazard,type:ImmutableMap,0.94,6,6,10,7,0.0099,0.0082,1,5
hazard,type:JsonProcessingException,0.92,7,7,13,11,0.0115,0.0107,1,6
hazard,call:toArray,0.91,8,8,16,15,0.0131,0.0131,2,6
hazard,call:println,0.9,13,12,32,27,0.0213,0.0263,5,7
hazard,call:thenReturn,0.87,16,12,43,31,0.0263,0.0353,1,11
hazard,type:SQLException,0.85,8,5,17,13,0.0131,0.014,3,2
hazard,type:Entry,0.84,16,15,44,38,0.0263,0.0362,7,8
hazard,call:getMessage,0.8,19,16,56,46,0.0312,0.046,3,13
hazard,call:toMap,0.79,6,6,12,11,0.0099,0.0099,0,6
hazard,type:Data,0.76,9,6,22,16,0.0148,0.0181,0,6
hazard,type:IOException,0.73,57,43,211,122,0.0936,0.1734,14,29
hazard,call:value,0.72,6,5,13,11,0.0099,0.0107,2,3
hazard,type:Schema,0.71,9,6,23,12,0.0148,0.0189,2,4
hazard,type:LinkedHashMap,0.68,10,8,27,25,0.0164,0.0222,5,3
hazard,call:entrySet,0.65,15,14,46,37,0.0246,0.0378,5,9
hazard,annot:Before,0.62,7,6,18,16,0.0115,0.0148,2,4
hazard,type:Constants,0.57,9,8,26,18,0.0148,0.0214,2,6
hazard,call:getInstance,0.57,13,10,41,31,0.0213,0.0337,3,7
hazard,type:ByteArrayOutputStream,0.57,7,6,19,17,0.0115,0.0156,2,4
hazard,type:Sets,0.52,7,6,20,16,0.0115,0.0164,1,5
hazard,type:URI,0.49,9,7,28,23,0.0148,0.023,2,5
hazard,type:CollectionUtils,0.48,6,5,17,13,0.0099,0.014,1,4
hazard,new:ArrayList,0.44,28,25,107,85,0.046,0.0879,10,15
hazard,call:of,0.43,30,23,116,73,0.0493,0.0953,5,18
hazard,call:values,0.42,7,6,22,20,0.0115,0.0181,1,5
hazard,call:parse,0.41,9,7,30,28,0.0148,0.0247,3,4
hazard,call:getValue,0.41,22,20,83,66,0.0361,0.0682,5,15
hazard,call:getKey,0.35,14,14,52,40,0.023,0.0427,6,8
hazard,type:ArgumentMatchers,0.33,8,6,28,23,0.0131,0.023,1,5
hazard,type:AtomicReference,0.33,6,5,20,17,0.0099,0.0164,1,4
hazard,call:add,0.33,39,34,161,110,0.064,0.1323,14,20
hazard,call:getSimpleName,0.29,7,5,25,23,0.0115,0.0205,3,2
hazard,new:File,0.29,8,8,29,23,0.0131,0.0238,1,7
hazard,type:System,0.27,23,19,94,72,0.0378,0.0772,10,9
hazard,call:collect,0.25,15,15,60,50,0.0246,0.0493,4,11
hazard,call:read,0.24,6,6,22,19,0.0099,0.0181,2,4
hazard,type:StandardCharsets,0.24,14,10,56,48,0.023,0.046,3,7
hazard,call:addAll,0.23,9,9,35,31,0.0148,0.0288,4,5
hazard,type:OutputStream,0.2,6,5,23,20,0.0099,0.0189,1,4
hazard,call:getClass,0.2,15,14,62,52,0.0246,0.0509,3,11
hazard,call:build,0.15,26,20,114,80,0.0427,0.0937,4,16
hazard,call:contains,0.13,23,18,101,80,0.0378,0.083,5,13
hazard,type:BigDecimal,0.12,6,5,25,20,0.0099,0.0205,0,5
hazard,type:Function,0.08,8,7,35,28,0.0131,0.0288,3,4
hazard,type:File,0.08,15,14,67,50,0.0246,0.0551,3,11
hazard,type:UUID,0.04,6,5,27,23,0.0099,0.0222,1,4
hazard,type:Collectors,0.01,19,19,89,71,0.0312,0.0731,4,15
hazard,call:valueOf,-0.01,11,8,52,37,0.0181,0.0427,3,5
hazard,call:create,-0.04,12,12,58,47,0.0197,0.0477,4,8
hazard,call:getProperty,-0.07,7,5,35,33,0.0115,0.0288,2,3
hazard,type:Properties,-0.07,7,6,35,27,0.0115,0.0288,2,4
hazard,call:builder,-0.08,9,8,45,34,0.0148,0.037,2,6
hazard,call:getId,-0.11,10,8,51,35,0.0164,0.0419,1,7
hazard,static:Collectors.toList,-0.13,6,6,32,28,0.0099,0.0263,3,3
hazard,type:Long,-0.16,11,9,58,47,0.0181,0.0477,0,9
hazard,type:Builder,-0.16,8,6,43,35,0.0131,0.0353,1,5
hazard,call:set,-0.23,9,8,51,41,0.0148,0.0419,4,4
hazard,type:ConcurrentHashMap,-0.25,6,6,36,33,0.0099,0.0296,1,5
hazard,call:format,-0.26,14,12,78,56,0.023,0.0641,4,8
hazard,call:stream,-0.26,17,16,93,70,0.0279,0.0764,5,11
hazard,annot:SuppressWarnings,-0.27,12,12,68,50,0.0197,0.0559,2,10
hazard,type:SuppressWarnings,-0.27,12,12,68,50,0.0197,0.0559,2,10
hazard,call:filter,-0.28,9,8,53,43,0.0148,0.0435,4,4
hazard,type:Class,-0.31,19,18,106,77,0.0312,0.0871,7,11
hazard,static:String.format,-0.32,11,9,65,50,0.0181,0.0534,3,6
hazard,type:TimeUnit,-0.32,11,10,65,52,0.0181,0.0534,3,7
hazard,call:name,-0.36,6,5,40,31,0.0099,0.0329,3,2
hazard,call:getName,-0.38,26,23,146,101,0.0427,0.12,7,16
hazard,type:Files,-0.41,6,6,42,33,0.0099,0.0345,1,5
hazard,call:toList,-0.44,6,6,43,37,0.0099,0.0353,3,3
hazard,call:close,-0.49,7,6,51,42,0.0115,0.0419,2,4
hazard,type:Boolean,-0.51,10,10,69,52,0.0164,0.0567,2,8
hazard,call:map,-0.55,12,12,82,59,0.0197,0.0674,1,11
hazard,call:append,-0.58,8,7,61,48,0.0131,0.0501,4,3
hazard,type:Objects,-0.65,9,8,70,56,0.0148,0.0575,3,5
hazard,call:forEach,-0.73,6,6,56,43,0.0099,0.046,3,3
hazard,type:StringUtils,-0.74,8,8,69,48,0.0131,0.0567,1,7
hazard,type:IllegalArgumentException,-0.78,7,7,65,55,0.0115,0.0534,4,3
hazard,kw:final,-0.82,90,56,520,218,0.1478,0.4273,18,38
hazard,type:Optional,-0.84,10,9,87,58,0.0164,0.0715,2,7
hazard,call:equals,-0.89,24,21,173,119,0.0394,0.1422,5,16
hazard,annot:author,-1.06,6,5,74,41,0.0099,0.0608,1,4
hazard,type:Logger,-1.18,9,7,102,72,0.0148,0.0838,1,6
hazard,call:isEmpty,-1.2,12,12,124,91,0.0197,0.1019,6,6
hazard,annot:link,-1.45,13,13,150,95,0.0213,0.1233,3,10
hazard,type:Override,-2.35,26,23,337,176,0.0427,0.2769,9,14
hazard,annot:Override,-2.4,25,22,336,176,0.0411,0.2761,9,13
