project,test,truth,pred,wrong,body_lines,body__async__n,body__async__f,body__conc__n,body__conc__f,body__time__n,body__time__f,body__uc__n,body__uc__f,body__od__n,body__od__f,body__lines,fields__async__n,fields__async__f,fields__conc__n,fields__conc__f,fields__time__n,fields__time__f,fields__uc__n,fields__uc__f,fields__od__n,fields__od__f,fields__lines,fixtures__async__n,fixtures__async__f,fixtures__conc__n,fixtures__conc__f,fixtures__time__n,fixtures__time__f,fixtures__uc__n,fixtures__uc__f,fixtures__od__n,fixtures__od__f,fixtures__lines,siblings__async__n,siblings__async__f,siblings__conc__n,siblings__conc__f,siblings__time__n,siblings__time__f,siblings__uc__n,siblings__uc__f,siblings__od__n,siblings__od__f,siblings__lines,helpers__async__n,helpers__async__f,helpers__conc__n,helpers__conc__f,helpers__time__n,helpers__time__f,helpers__uc__n,helpers__uc__f,helpers__od__n,helpers__od__f,helpers__lines,context__async__n,context__async__f,context__conc__n,context__conc__f,context__time__n,context__time__f,context__uc__n,context__uc__f,context__od__n,context__od__f,context__lines,callees__async__n,callees__async__f,callees__conc__n,callees__conc__f,callees__time__n,callees__time__f,callees__uc__n,callees__uc__f,callees__od__n,callees__od__f,callees__lines,contextall__async__n,contextall__async__f,contextall__conc__n,contextall__conc__f,contextall__time__n,contextall__time__f,contextall__uc__n,contextall__uc__f,contextall__od__n,contextall__od__f,contextall__lines
cdapio_cdap,WorkflowHttpHandlerTest.testWorkflowForkFailure,conc,UC,True,19,0,0,0,0,0,0,1,1,3,1,19,0,0,0,0,0,0,0,0,1,1,1,0,0,0,0,0,0,0,0,0,0,0,11,2,0,0,2,2,91,6,72,1,933,0,0,0,0,0,0,0,0,1,1,11,11,2,0,0,2,2,91,6,74,2,946,0,0,0,0,0,0,0,0,0,0,0,11,2,0,0,2,2,91,6,74,2,947
cdapio_cdap,PreviewDataPipelineTest.testLogicalTypePreviewRun,time,UC,True,62,1,1,1,1,7,2,3,2,0,0,62,0,0,0,0,0,0,0,0,6,1,7,0,0,0,0,0,0,0,0,0,0,6,0,0,0,0,0,0,0,0,0,0,22,3,2,6,3,8,3,7,3,0,0,122,3,2,6,3,8,3,7,3,6,1,157,2,2,3,3,2,1,7,2,0,0,72,5,2,9,3,10,4,14,4,6,1,229
cdapio_cdap,WorkflowClientTestRun.testWorkflowClient,async,async,False,50,1,1,0,0,1,1,9,3,1,1,50,0,0,0,0,0,0,0,0,1,1,4,0,0,0,0,0,0,0,0,2,2,10,0,0,0,0,0,0,0,0,0,0,0,0,0,0,0,0,0,0,0,1,1,11,0,0,0,0,0,0,0,0,4,3,26,0,0,5,1,1,1,10,2,0,0,101,0,0,5,1,1,1,10,2,4,3,127
cdapio_cdap,TestFrameworkTestRun.testWorkerInstances,async,async,False,32,4,1,4,2,0,0,0,0,2,1,32,0,0,0,0,0,0,0,0,7,2,6,0,0,0,0,0,0,0,0,0,0,3,96,3,81,4,0,0,45,6,30,3,1415,2,1,2,1,0,0,2,1,0,0,34,98,3,83,4,0,0,47,6,37,4,1458,2,2,3,3,2,1,0,0,1,1,80,100,3,86,5,2,1,47,6,38,4,1538
cdapio_cdap,ProvisioningServiceTest.testCancelDeprovision,OD,async,True,12,1,1,2,2,0,0,0,0,0,0,12,0,0,0,0,0,0,0,0,9,2,11,0,0,0,0,0,0,0,0,11,2,37,2,1,4,3,0,0,11,3,6,1,216,3,1,5,3,0,0,0,0,0,0,22,5,1,9,3,0,0,11,3,26,5,286,2,2,5,3,2,1,4,1,0,0,92,7,2,14,3,2,1,15,3,26,5,378
cdapio_cdap,MetadataSubscriberServiceTest.testSubscriber,async,UC,True,72,3,1,2,2,0,0,20,4,11,2,72,0,0,0,0,0,0,0,0,1,1,7,0,0,0,0,0,0,0,0,0,0,19,32,1,4,2,0,0,5,1,18,2,384,0,0,0,0,0,0,0,0,0,0,0,32,1,4,2,0,0,5,1,19,3,411,2,2,3,3,3,1,0,0,2,1,47,34,2,7,3,3,1,5,1,21,4,458
cdapio_cdap,WorkflowHttpHandlerTest.testWorkflowTokenPut,async,OD,True,64,0,0,0,0,0,0,3,1,6,1,64,0,0,0,0,0,0,0,0,1,1,1,0,0,0,0,0,0,0,0,0,0,0,11,2,0,0,2,2,87,6,74,1,928,0,0,0,0,0,0,0,0,1,1,33,11,2,0,0,2,2,87,6,76,2,963,0,0,0,0,0,0,2,2,0,0,3,11,2,0,0,2,2,89,6,76,2,966
cdapio_cdap,MetadataHttpHandlerTestRun.testSystemMetadataRetrieval,async,time,True,54,0,0,0,0,2,1,7,1,0,0,54,0,0,0,0,0,0,0,0,0,0,6,6,1,0,0,0,0,0,0,3,1,20,23,2,3,1,0,0,79,5,16,1,845,1,1,0,0,1,1,7,3,0,0,50,30,2,3,1,1,1,86,6,19,1,921,2,2,3,3,2,1,1,1,0,0,63,32,2,6,4,3,1,87,6,19,1,984
cdapio_cdap,TestFrameworkTestRun.testAppWithServices,conc,async,True,77,8,1,8,3,0,0,2,2,3,1,77,0,0,0,0,0,0,0,0,7,2,6,0,0,0,0,0,0,0,0,0,0,3,87,3,76,4,0,0,43,6,29,3,1358,0,0,0,0,0,0,0,0,0,0,19,87,3,76,4,0,0,43,6,36,4,1386,2,2,3,3,2,1,0,0,0,0,24,89,3,79,5,2,1,43,6,36,4,1410
neo4j_neo4j,RobustJobSchedulerWrapperTest.shouldBeAbleToCancelJob,conc,async,True,11,2,2,2,1,0,0,0,0,0,0,11,0,0,0,0,0,0,0,0,0,0,4,0,0,0,0,0,0,0,0,0,0,4,7,3,6,1,0,0,0,0,0,0,71,0,0,0,0,0,0,0,0,0,0,0,7,3,6,1,0,0,0,0,0,0,80,0,0,0,0,0,0,0,0,0,0,25,7,3,6,1,0,0,0,0,0,0,105
neo4j_neo4j,RobustJobSchedulerWrapperTest.recurringJobWithExceptionShouldKeepRunning,conc,async,True,19,2,2,2,1,0,0,0,0,0,0,19,0,0,0,0,0,0,0,0,0,0,4,0,0,0,0,0,0,0,0,0,0,4,7,3,6,1,0,0,0,0,0,0,66,0,0,0,0,0,0,0,0,0,0,0,7,3,6,1,0,0,0,0,0,0,75,0,0,0,0,0,0,0,0,0,0,25,7,3,6,1,0,0,0,0,0,0,100
neo4j_neo4j,RaftMessageProcessingMetricTest.shouldBeAbleToUpdateAllMessageTypes,time,time,False,13,0,0,0,0,1,1,2,1,0,0,13,0,0,0,0,0,0,0,0,0,0,1,0,0,0,0,0,0,0,0,0,0,0,0,0,0,0,1,1,1,1,0,0,17,0,0,0,0,0,0,0,0,0,0,0,0,0,0,0,1,1,1,1,0,0,20,0,0,0,0,0,0,0,0,0,0,10,0,0,0,0,1,1,1,1,0,0,30
neo4j_neo4j,RobustJobSchedulerWrapperTest.recurringJobWithErrorShouldStop,conc,async,True,16,3,3,2,1,0,0,0,0,0,0,16,0,0,0,0,0,0,0,0,0,0,4,0,0,0,0,0,0,0,0,0,0,4,6,3,6,1,0,0,0,0,0,0,67,0,0,0,0,0,0,0,0,0,0,0,6,3,6,1,0,0,0,0,0,0,76,0,0,0,0,0,0,0,0,0,0,25,6,3,6,1,0,0,0,0,0,0,101
wildfly_wildfly,b19048b72669fc0e96665b1b125dc1fda21f5993.testFireObjectEvent,OD,async,True,15,1,1,0,0,0,0,0,0,0,0,15,1,1,0,0,0,0,2,1,0,0,3,0,0,0,0,0,0,0,0,1,1,4,8,1,0,0,0,0,0,0,0,0,78,0,0,0,0,0,0,0,0,0,0,0,9,1,0,0,0,0,2,1,1,1,86,0,0,3,3,0,0,16,5,0,0,67,9,1,3,3,0,0,18,5,1,1,153
wildfly_wildfly,b19048b72669fc0e96665b1b125dc1fda21f5993.testLookupContextLink,OD,OD,False,12,0,0,0,0,0,0,1,1,0,0,12,0,0,0,0,0,0,0,0,0,0,4,0,0,0,0,0,0,0,0,4,2,12,0,0,0,0,0,0,9,2,1,1,245,0,0,0,0,0,0,0,0,0,0,0,0,0,0,0,0,0,9,2,5,3,262,0,0,0,0,0,0,0,0,0,0,3,0,0,0,0,0,0,9,2,5,3,265
wildfly_wildfly,b19048b72669fc0e96665b1b125dc1fda21f5993.testCompositeBindingOps,OD,OD,False,9,0,0,0,0,0,0,0,0,0,0,9,0,0,0,0,0,0,0,0,0,0,0,0,0,0,0,0,0,0,0,0,0,0,0,0,0,0,0,0,1,1,3,1,48,0,0,0,0,0,0,0,0,0,0,3,0,0,0,0,0,0,1,1,3,1,53,0,0,0,0,0,0,2,2,0,0,12,0,0,0,0,0,0,3,3,3,1,65
wildfly_wildfly,b19048b72669fc0e96665b1b125dc1fda21f5993.testBindAndRetrieveObjectFactoryFromNamingContext,OD,OD,False,8,0,0,0,0,0,0,0,0,0,0,8,0,0,0,0,0,0,0,0,0,0,2,0,0,0,0,0,0,0,0,3,2,11,0,0,0,0,0,0,0,0,0,0,9,0,0,0,0,0,0,0,0,0,0,0,0,0,0,0,0,0,0,0,3,2,23,0,0,0,0,0,0,0,0,0,0,3,0,0,0,0,0,0,0,0,3,2,26
wildfly_wildfly,b19048b72669fc0e96665b1b125dc1fda21f5993.testJavaContext,OD,OD,False,8,0,0,0,0,0,0,0,0,2,1,8,0,0,0,0,0,0,0,0,0,0,0,0,0,0,0,0,0,0,0,1,1,3,0,0,0,0,0,0,0,0,1,1,15,0,0,0,0,0,0,0,0,0,0,0,0,0,0,0,0,0,0,0,2,2,20,0,0,0,0,0,0,0,0,0,0,8,0,0,0,0,0,0,0,0,2,2,28
wildfly_wildfly,b19048b72669fc0e96665b1b125dc1fda21f5993.testLookupWithContinuation,OD,OD,False,10,0,0,0,0,0,0,1,1,0,0,10,0,0,0,0,0,0,0,0,0,0,4,0,0,0,0,0,0,0,0,4,2,12,0,0,0,0,0,0,9,2,1,1,246,0,0,0,0,0,0,0,0,0,0,0,0,0,0,0,0,0,9,2,5,3,263,0,0,0,0,0,0,0,0,0,0,3,0,0,0,0,0,0,9,2,5,3,266
wildfly_wildfly,b19048b72669fc0e96665b1b125dc1fda21f5993.testInitialFactory,OD,OD,False,13,0,0,0,0,0,0,0,0,1,1,13,0,0,0,0,0,0,0,0,0,0,0,0,0,0,0,0,0,0,0,1,1,3,0,0,0,0,0,0,0,0,2,1,7,0,0,0,0,0,0,0,0,0,0,0,0,0,0,0,0,0,0,0,3,2,12,0,0,0,0,0,0,0,0,0,0,8,0,0,0,0,0,0,0,0,3,2,20
wildfly_wildfly,b19048b72669fc0e96665b1b125dc1fda21f5993.testLookupLink,OD,OD,False,17,0,0,0,0,0,0,2,1,1,1,17,0,0,0,0,0,0,0,0,0,0,4,0,0,0,0,0,0,0,0,4,2,12,0,0,0,0,0,0,8,2,0,0,238,0,0,0,0,0,0,0,0,0,0,0,0,0,0,0,0,0,8,2,4,2,255,0,0,0,0,0,0,0,0,0,0,3,0,0,0,0,0,0,8,2,4,2,258
wildfly_wildfly,b19048b72669fc0e96665b1b125dc1fda21f5993.testLookupReference,OD,OD,False,10,0,0,0,0,0,0,0,0,0,0,10,0,0,0,0,0,0,0,0,0,0,4,0,0,0,0,0,0,0,0,4,2,12,0,0,0,0,0,0,10,2,1,1,247,0,0,0,0,0,0,0,0,0,0,0,0,0,0,0,0,0,10,2,5,3,264,0,0,0,0,0,0,0,0,0,0,3,0,0,0,0,0,0,10,2,5,3,267
wildfly_wildfly,b19048b72669fc0e96665b1b125dc1fda21f5993.testCompositeBindingUpdate,OD,OD,False,10,0,0,0,0,0,0,0,0,0,0,10,0,0,0,0,0,0,0,0,0,0,0,0,0,0,0,0,0,0,0,0,0,0,0,0,0,0,0,0,1,1,3,1,50,0,0,0,0,0,0,0,0,0,0,3,0,0,0,0,0,0,1,1,3,1,55,0,0,0,0,0,0,0,0,0,0,5,0,0,0,0,0,0,1,1,3,1,60
wildfly_wildfly,b19048b72669fc0e96665b1b125dc1fda21f5993.testStoredContext,OD,conc,True,121,0,0,0,0,0,0,1,1,0,0,121,0,0,0,0,0,0,0,0,0,0,2,0,0,2,2,0,0,0,0,1,1,18,0,0,0,0,0,0,4,2,0,0,139,3,1,0,0,0,0,0,0,0,0,17,3,1,2,2,0,0,4,2,1,1,176,0,0,0,0,0,0,1,1,0,0,34,3,1,2,2,0,0,5,3,1,1,210
wildfly_wildfly,b19048b72669fc0e96665b1b125dc1fda21f5993.testBindAndRetrieveObjectFactoryFromInitialContext,OD,OD,False,9,0,0,0,0,0,0,0,0,0,0,9,0,0,0,0,0,0,0,0,0,0,2,0,0,0,0,0,0,0,0,3,2,11,0,0,0,0,0,0,0,0,0,0,8,0,0,0,0,0,0,0,0,0,0,0,0,0,0,0,0,0,0,0,3,2,22,0,0,0,0,0,0,0,0,0,0,8,0,0,0,0,0,0,0,0,3,2,30
wildfly_wildfly,b19048b72669fc0e96665b1b125dc1fda21f5993.testFireOneLevelEvent,OD,async,True,15,1,1,0,0,0,0,0,0,0,0,15,1,1,0,0,0,0,2,1,0,0,3,0,0,0,0,0,0,0,0,1,1,4,8,1,0,0,0,0,0,0,0,0,78,0,0,0,0,0,0,0,0,0,0,0,9,1,0,0,0,0,2,1,1,1,86,0,0,3,3,0,0,16,5,0,0,67,9,1,3,3,0,0,18,5,1,1,153
wildfly_wildfly,b19048b72669fc0e96665b1b125dc1fda21f5993.testLookupWitResolveResult,OD,OD,False,10,0,0,0,0,0,0,1,1,0,0,10,0,0,0,0,0,0,0,0,0,0,4,0,0,0,0,0,0,0,0,4,2,12,0,0,0,0,0,0,9,2,1,1,246,0,0,0,0,0,0,0,0,0,0,0,0,0,0,0,0,0,9,2,5,3,263,0,0,0,0,0,0,0,0,0,0,3,0,0,0,0,0,0,9,2,5,3,266
wildfly_wildfly,b19048b72669fc0e96665b1b125dc1fda21f5993.testBindNested,OD,OD,False,12,0,0,0,0,0,0,0,0,0,0,12,0,0,0,0,0,0,0,0,2,1,4,3,1,2,2,0,0,0,0,1,1,43,0,0,0,0,0,0,10,2,0,0,220,0,0,0,0,0,0,0,0,0,0,0,3,1,2,2,0,0,10,2,3,2,268,0,0,0,0,0,0,0,0,0,0,9,3,1,2,2,0,0,10,2,3,2,277
wildfly_wildfly,b19048b72669fc0e96665b1b125dc1fda21f5993.testLookupBindingUsingNestedContext,OD,UC,True,20,0,0,0,0,0,0,0,0,0,0,20,0,0,0,0,0,0,0,0,0,0,2,0,0,2,2,0,0,0,0,1,1,18,0,0,0,0,0,0,5,3,0,0,264,3,1,0,0,0,0,0,0,0,0,17,3,1,2,2,0,0,5,3,1,1,301,0,0,0,0,0,0,1,1,0,0,10,3,1,2,2,0,0,6,4,1,1,311
wildfly_wildfly,b19048b72669fc0e96665b1b125dc1fda21f5993.testBindReferenceable,OD,OD,False,12,0,0,0,0,0,0,0,0,0,0,12,0,0,0,0,0,0,0,0,0,0,4,0,0,0,0,0,0,0,0,4,2,12,0,0,0,0,0,0,10,2,1,1,246,0,0,0,0,0,0,0,0,0,0,3,0,0,0,0,0,0,10,2,5,3,265,0,0,0,0,0,0,0,0,0,0,39,0,0,0,0,0,0,10,2,5,3,304
wildfly_wildfly,b19048b72669fc0e96665b1b125dc1fda21f5993.testFireAllEvent,OD,async,True,17,3,1,0,0,0,0,0,0,0,0,17,1,1,0,0,0,0,2,1,0,0,3,0,0,0,0,0,0,0,0,1,1,4,6,1,0,0,0,0,0,0,0,0,76,0,0,0,0,0,0,0,0,0,0,0,7,1,0,0,0,0,2,1,1,1,84,0,0,3,3,0,0,16,5,0,0,67,7,1,3,3,0,0,18,5,1,1,151
wildfly_wildfly,b19048b72669fc0e96665b1b125dc1fda21f5993.testListWithContinuation,OD,OD,False,9,0,0,0,0,0,0,2,2,0,0,9,0,0,0,0,0,0,0,0,0,0,4,0,0,0,0,0,0,0,0,4,2,12,0,0,0,0,0,0,8,2,1,1,247,0,0,0,0,0,0,3,3,0,0,29,0,0,0,0,0,0,11,4,5,3,292,0,0,0,0,0,0,3,1,0,0,17,0,0,0,0,0,0,14,4,5,3,309
wildfly_wildfly,b19048b72669fc0e96665b1b125dc1fda21f5993.testRebindReferenceable,OD,OD,False,14,0,0,0,0,0,0,0,0,0,0,14,0,0,0,0,0,0,0,0,0,0,4,0,0,0,0,0,0,0,0,4,2,12,0,0,0,0,0,0,10,2,1,1,244,0,0,0,0,0,0,0,0,0,0,3,0,0,0,0,0,0,10,2,5,3,263,0,0,0,0,0,0,0,0,0,0,52,0,0,0,0,0,0,10,2,5,3,315
wildfly_wildfly,b19048b72669fc0e96665b1b125dc1fda21f5993.testFireSubTreeEvent,OD,async,True,15,1,1,0,0,0,0,0,0,0,0,15,1,1,0,0,0,0,2,1,0,0,3,0,0,0,0,0,0,0,0,1,1,4,8,1,0,0,0,0,0,0,0,0,78,0,0,0,0,0,0,0,0,0,0,0,9,1,0,0,0,0,2,1,1,1,86,0,0,3,3,0,0,16,5,0,0,67,9,1,3,3,0,0,18,5,1,1,153
wildfly_wildfly,b19048b72669fc0e96665b1b125dc1fda21f5993.testRegisterURLSchemeHandler,OD,OD,False,25,0,0,0,0,0,0,0,0,0,0,25,0,0,0,0,0,0,0,0,0,0,0,0,0,0,0,0,0,0,0,1,1,3,0,0,0,0,0,0,0,0,0,0,0,0,0,0,0,0,0,0,0,0,0,0,0,0,0,0,0,0,0,0,1,1,6,0,0,2,1,0,0,4,2,0,0,25,0,0,2,1,0,0,4,2,1,1,31
wildfly_wildfly,b19048b72669fc0e96665b1b125dc1fda21f5993.testOnlyExternalContextAllowsCache,OD,conc,True,18,0,0,0,0,0,0,1,1,3,1,18,0,0,0,0,0,0,0,0,0,0,0,0,0,0,0,0,0,0,0,0,0,0,0,0,0,0,0,0,0,0,0,0,33,0,0,0,0,0,0,0,0,0,0,0,0,0,0,0,0,0,0,0,0,0,36,0,0,0,0,0,0,0,0,0,0,5,0,0,0,0,0,0,0,0,0,0,41
wildfly_wildfly,b19048b72669fc0e96665b1b125dc1fda21f5993.testListBindingsWithContinuation,OD,OD,False,9,0,0,0,0,0,0,1,1,0,0,9,0,0,0,0,0,0,0,0,0,0,4,0,0,0,0,0,0,0,0,4,2,12,0,0,0,0,0,0,9,2,1,1,247,0,0,0,0,0,0,3,3,0,0,29,0,0,0,0,0,0,12,4,5,3,292,0,0,0,0,0,0,0,0,0,0,17,0,0,0,0,0,0,12,4,5,3,309
apache_hadoop,TestDelegationTokenRenewer.testAddRemoveRenewAction,async,async,False,15,1,1,2,2,0,0,0,0,0,0,15,0,0,0,0,0,0,0,0,0,0,2,0,0,0,0,0,0,0,0,2,1,5,3,1,8,2,3,1,0,0,0,0,122,0,0,0,0,0,0,0,0,0,0,0,3,1,8,2,3,1,0,0,2,1,130,0,0,3,3,2,2,0,0,0,0,33,3,1,11,3,5,2,0,0,2,1,163
apache_hadoop,TestPathData.testToFile,OD,UC,True,9,0,0,0,0,0,0,0,0,3,1,9,0,0,0,0,0,0,0,0,1,1,4,0,0,0,0,0,0,0,0,11,3,22,0,0,0,0,0,0,3,1,3,1,146,0,0,0,0,0,0,0,0,0,0,0,0,0,0,0,0,0,3,1,15,3,173,0,0,0,0,0,0,2,1,0,0,33,0,0,0,0,0,0,5,2,15,3,206
apache_hadoop,TestLocalDirAllocator.testRemoveContext,OD,OD,False,11,0,0,0,0,0,0,0,0,0,0,11,0,0,0,0,0,0,0,0,2,2,17,0,0,0,0,0,0,0,0,0,0,0,0,0,0,0,0,0,9,2,27,1,297,0,0,0,0,0,0,0,0,1,1,7,0,0,0,0,0,0,9,2,30,2,322,0,0,2,1,0,0,0,0,0,0,17,0,0,2,1,0,0,9,2,30,2,339
apache_hadoop,TestRMContainerAllocator.testSimple,async,async,False,42,8,1,2,2,0,0,1,1,4,1,42,0,0,0,0,1,1,5,1,7,1,12,0,0,0,0,0,0,0,0,4,2,10,17,3,57,5,13,2,77,5,77,3,2696,1,1,4,2,1,1,7,4,1,1,72,18,3,61,5,15,2,89,7,89,4,2790,0,0,0,0,0,0,1,1,2,1,19,18,3,61,5,15,2,90,7,91,4,2809
apache_hadoop,TestDelegationToken.testDelegationTokenSecretManager,conc,async,True,30,2,1,0,0,0,0,0,0,1,1,30,0,0,0,0,0,0,0,0,2,1,7,0,0,0,0,0,0,0,0,0,0,0,4,3,11,3,0,0,7,4,1,1,292,0,0,0,0,0,0,0,0,0,0,33,4,3,11,3,0,0,7,4,3,2,333,0,0,0,0,2,2,0,0,0,0,6,4,3,11,3,2,2,7,4,3,2,339
apache_hadoop,TestDFSIO.testReadSkip,OD,time,True,9,0,0,0,0,2,1,0,0,1,1,9,0,0,0,0,0,0,0,0,5,2,23,0,0,0,0,0,0,0,0,8,2,20,0,0,0,0,0,0,0,0,5,1,28,0,0,0,0,4,2,0,0,5,2,77,0,0,0,0,4,2,0,0,23,4,148,0,0,0,0,0,0,0,0,0,0,15,0,0,0,0,4,2,0,0,23,4,163
apache_hadoop,TestDFSIO.testReadBackward,OD,time,True,9,0,0,0,0,2,1,0,0,1,1,9,0,0,0,0,0,0,0,0,5,2,23,0,0,0,0,0,0,0,0,8,2,20,0,0,0,0,0,0,0,0,5,1,28,0,0,0,0,4,2,0,0,5,2,77,0,0,0,0,4,2,0,0,23,4,148,0,0,0,0,0,0,0,0,0,0,15,0,0,0,0,4,2,0,0,23,4,163
apache_hadoop,TestDFSIO.testReadRandom,OD,time,True,9,0,0,0,0,2,1,0,0,1,1,9,0,0,0,0,0,0,0,0,5,2,23,0,0,0,0,0,0,0,0,8,2,20,0,0,0,0,0,0,0,0,5,1,28,0,0,0,0,4,2,0,0,5,2,77,0,0,0,0,4,2,0,0,23,4,148,0,0,0,0,0,0,0,0,0,0,15,0,0,0,0,4,2,0,0,23,4,163
apache_hadoop,TestPeerCache.testEviction,OD,async,True,28,0,0,0,0,0,0,1,1,12,2,28,0,0,0,0,0,0,0,0,1,1,4,0,0,0,0,0,0,0,0,0,0,0,2,1,0,0,0,0,0,0,28,2,99,0,0,0,0,0,0,0,0,0,0,10,2,1,0,0,0,0,0,0,29,3,114,1,1,5,3,0,0,0,0,1,1,33,3,2,5,3,0,0,0,0,30,3,147
apache_hadoop,TestPathData.testUnqualifiedUriContents,OD,UC,True,7,0,0,0,0,0,0,1,1,0,0,7,0,0,0,0,0,0,0,0,1,1,4,0,0,0,0,0,0,0,0,11,3,22,0,0,0,0,0,0,2,1,6,1,145,0,0,0,0,0,0,2,1,0,0,19,0,0,0,0,0,0,4,2,18,3,190,0,0,0,0,0,0,2,1,0,0,12,0,0,0,0,0,0,6,2,18,3,202
apache_hadoop,TestRPCCompatibility.testVersion2ClientVersion2Server,OD,async,True,13,0,0,2,2,0,0,0,0,5,2,13,0,0,0,0,0,0,0,0,5,2,10,0,0,0,0,0,0,0,0,6,3,13,0,0,12,2,0,0,1,1,21,1,165,0,0,0,0,0,0,0,0,0,0,20,0,0,12,2,0,0,1,1,32,4,208,0,0,8,3,0,0,1,1,2,1,49,0,0,20,3,0,0,2,2,34,4,257
apache_hadoop,TestDelegationTokenForProxyUser.testDelegationTokenWithRealUser,OD,conc,True,19,0,0,2,2,0,0,1,1,1,1,19,0,0,0,0,0,0,0,0,7,2,10,0,0,0,0,0,0,0,0,9,3,25,0,0,0,0,0,0,0,0,3,2,38,0,0,0,0,0,0,0,0,0,0,0,0,0,0,0,0,0,0,0,19,4,74,0,0,0,0,0,0,0,0,0,0,12,0,0,0,0,0,0,0,0,19,4,86
apache_hadoop,TestPathData.testWithStringAndConfForBuggyPath,OD,OD,False,8,0,0,0,0,0,0,0,0,0,0,8,0,0,0,0,0,0,0,0,1,1,4,0,0,0,0,0,0,0,0,11,3,22,0,0,0,0,0,0,3,1,6,1,143,0,0,0,0,0,0,0,0,0,0,9,0,0,0,0,0,0,3,1,18,3,178,0,0,0,0,0,0,2,1,0,0,34,0,0,0,0,0,0,5,2,18,3,212
apache_hadoop,TestModTime.testModTime,time,time,False,64,0,0,0,0,0,0,0,0,14,3,64,0,0,0,0,0,0,0,0,0,0,4,0,0,0,0,0,0,0,0,0,0,0,0,0,0,0,0,0,0,0,11,2,34,0,0,0,0,0,0,0,0,2,2,12,0,0,0,0,0,0,0,0,13,3,51,0,0,0,0,0,0,1,1,3,2,94,0,0,0,0,0,0,1,1,16,4,145
apache_hadoop,TestPathData.testWithDirStringAndConf,OD,OD,False,9,0,0,0,0,0,0,0,0,0,0,9,0,0,0,0,0,0,0,0,1,1,4,0,0,0,0,0,0,0,0,11,3,22,0,0,0,0,0,0,3,1,6,1,143,0,0,0,0,0,0,0,0,0,0,9,0,0,0,0,0,0,3,1,18,3,178,0,0,0,0,0,0,0,0,0,0,7,0,0,0,0,0,0,3,1,18,3,185
apache_hadoop,TestPathData.testQualifiedUriContents,OD,UC,True,7,0,0,0,0,0,0,1,1,0,0,7,0,0,0,0,0,0,0,0,1,1,4,0,0,0,0,0,0,0,0,11,3,22,0,0,0,0,0,0,2,1,6,1,145,0,0,0,0,0,0,2,1,0,0,19,0,0,0,0,0,0,4,2,18,3,190,0,0,0,0,0,0,2,1,0,0,16,0,0,0,0,0,0,6,2,18,3,206
apache_hadoop,TestPathData.testCwdContents,OD,UC,True,7,0,0,0,0,0,0,1,1,0,0,7,0,0,0,0,0,0,0,0,1,1,4,0,0,0,0,0,0,0,0,11,3,22,0,0,0,0,0,0,2,1,6,1,145,0,0,0,0,0,0,2,1,0,0,19,0,0,0,0,0,0,4,2,18,3,190,0,0,0,0,0,0,2,1,0,0,12,0,0,0,0,0,0,6,2,18,3,202
apache_hadoop,TestSecurityUtil.testBuildDTServiceName,OD,OD,False,7,0,0,0,0,0,0,0,0,0,0,7,0,0,0,0,0,0,0,0,0,0,1,0,0,0,0,0,0,0,0,2,1,5,0,0,0,0,0,0,9,3,2,1,209,0,0,0,0,0,0,0,0,0,0,0,0,0,0,0,0,0,9,3,4,2,216,0,0,0,0,0,0,0,0,0,0,15,0,0,0,0,0,0,9,3,4,2,231
apache_hadoop,TestUnderReplicatedBlocks.testSetrepIncWithUnderReplicatedBlocks,async,async,False,22,0,0,0,0,0,0,0,0,7,2,22,0,0,0,0,0,0,0,0,0,0,0,0,0,0,0,0,0,0,0,0,0,0,0,0,0,0,0,0,1,1,8,2,57,0,0,0,0,0,0,0,0,0,0,0,0,0,0,0,0,0,1,1,8,2,60,0,0,1,1,0,0,1,1,3,2,55,0,0,1,1,0,0,2,2,11,3,115
apache_hadoop,TestDelegationTokenForProxyUser.testWebHdfsDoAs,OD,conc,True,60,0,0,0,0,0,0,2,1,3,2,60,0,0,0,0,0,0,0,0,7,2,10,0,0,0,0,0,0,0,0,9,3,25,0,0,2,2,0,0,1,1,1,1,20,0,0,0,0,0,0,0,0,0,0,0,0,0,2,2,0,0,1,1,17,4,56,0,0,0,0,0,0,3,2,1,1,106,0,0,2,2,0,0,4,3,18,4,162
apache_hadoop,TestMetricsSystemImpl.testInitFirstVerifyCallBacks,UC,async,True,30,2,1,2,2,0,0,2,1,7,2,30,0,0,2,2,0,0,2,1,2,1,9,0,0,0,0,0,0,0,0,0,0,0,18,4,33,4,0,0,6,3,40,2,325,1,1,2,2,0,0,6,3,0,0,55,19,5,37,6,0,0,14,4,42,3,390,0,0,7,3,0,0,4,1,9,2,103,19,5,44,6,0,0,18,5,51,4,493
apache_hadoop,TestWritableName.testSetName,OD,OD,False,7,0,0,0,0,0,0,0,0,0,0,7,0,0,0,0,0,0,0,0,1,1,2,0,0,0,0,0,0,0,0,0,0,0,0,0,0,0,0,0,0,0,0,0,29,0,0,0,0,0,0,0,0,0,0,6,0,0,0,0,0,0,0,0,1,1,38,0,0,2,1,0,0,0,0,0,0,17,0,0,2,1,0,0,0,0,1,1,55
apache_hadoop,TestPeerCache.testAddAndRetrieve,OD,async,True,14,0,0,0,0,0,0,0,0,8,2,14,0,0,0,0,0,0,0,0,1,1,4,0,0,0,0,0,0,0,0,0,0,0,2,1,0,0,0,0,1,1,32,2,118,0,0,0,0,0,0,0,0,0,0,10,2,1,0,0,0,0,1,1,33,3,133,1,1,5,3,0,0,0,0,1,1,33,3,2,5,3,0,0,1,1,34,3,166
apache_hadoop,TestDFSIO.testRead,OD,time,True,8,0,0,0,0,2,1,0,0,1,1,8,0,0,0,0,0,0,0,0,5,2,23,0,0,0,0,0,0,0,0,8,2,20,0,0,0,0,0,0,0,0,5,1,29,0,0,0,0,4,2,0,0,5,2,74,0,0,0,0,4,2,0,0,23,4,146,0,0,0,0,0,0,0,0,0,0,15,0,0,0,0,4,2,0,0,23,4,161
apache_hadoop,TestPeerCache.testExpiry,OD,async,True,24,2,1,0,0,0,0,0,0,6,2,24,0,0,0,0,0,0,0,0,1,1,4,0,0,0,0,0,0,0,0,0,0,0,0,0,0,0,0,0,1,1,34,2,101,0,0,0,0,0,0,0,0,0,0,10,0,0,0,0,0,0,1,1,35,3,116,1,1,5,3,0,0,0,0,1,1,26,1,1,5,3,0,0,1,1,36,3,142
apache_hadoop,TestSecurityUtil.testBuildTokenServiceSockAddr,OD,OD,False,6,0,0,0,0,0,0,0,0,0,0,6,0,0,0,0,0,0,0,0,0,0,1,0,0,0,0,0,0,0,0,2,1,5,0,0,0,0,0,0,9,3,2,1,211,0,0,0,0,0,0,0,0,0,0,0,0,0,0,0,0,0,9,3,4,2,218,0,0,0,0,0,0,0,0,0,0,24,0,0,0,0,0,0,9,3,4,2,242
apache_hadoop,TestDFSIO.testWrite,OD,time,True,8,0,0,0,0,2,1,0,0,1,1,8,0,0,0,0,0,0,0,0,5,2,23,0,0,0,0,0,0,0,0,8,2,20,0,0,0,0,0,0,0,0,6,1,34,0,0,0,0,4,2,0,0,7,3,83,0,0,0,0,4,2,0,0,26,4,160,0,0,0,0,0,0,0,0,0,0,15,0,0,0,0,4,2,0,0,26,4,175
apache_pulsar,TopicReaderTest.testMultiReaderIsAbleToSeekWithTimeOnMiddleOfTopic,time,time,False,23,0,0,0,0,1,1,2,2,2,1,23,0,0,0,0,0,0,0,0,1,1,1,0,0,0,0,0,0,0,0,1,1,7,15,3,2,1,3,1,78,5,76,1,1409,0,0,0,0,0,0,0,0,0,0,0,15,3,2,1,3,1,78,5,78,2,1418,1,1,1,1,0,0,0,0,0,0,17,16,3,3,2,3,1,78,5,78,2,1435
apache_pulsar,ZKSessionTest.testReacquireLocksAfterSessionLost,async,async,False,26,8,4,4,2,1,1,0,0,1,1,26,0,0,0,0,0,0,0,0,0,0,0,0,0,0,0,0,0,0,0,0,0,0,19,4,14,3,3,2,0,0,5,2,92,0,0,0,0,0,0,0,0,0,0,0,19,4,14,3,3,2,0,0,5,2,95,0,0,0,0,0,0,0,0,0,0,4,19,4,14,3,3,2,0,0,5,2,99
apache_pulsar,BacklogQuotaManagerTest.testConsumerBacklogEvictionTimeQuotaWithEmptyLedger,async,async,False,28,3,3,0,0,2,1,3,2,1,1,28,0,0,0,0,0,0,0,0,1,1,3,0,0,4,2,0,0,5,1,3,1,60,55,3,32,3,5,1,43,4,14,1,1056,0,0,0,0,0,0,0,0,0,0,11,55,3,36,3,5,1,48,4,18,2,1130,0,0,0,0,0,0,0,0,0,0,6,55,3,36,3,5,1,48,4,18,2,1136
apache_pulsar,InactiveTopicDeleteTest.testTopicLevelInActiveTopicApi,async,async,False,33,3,1,0,0,0,0,0,0,0,0,33,0,0,0,0,0,0,0,0,0,0,0,0,0,0,0,0,0,0,0,1,1,6,66,3,0,0,2,1,51,6,23,1,514,0,0,0,0,0,0,0,0,0,0,0,66,3,0,0,2,1,51,6,24,1,522,0,0,0,0,0,0,0,0,0,0,4,66,3,0,0,2,1,51,6,24,1,526
apache_pulsar,KeySharedSubscriptionTest.testRemoveFirstConsumer,async,async,False,24,0,0,0,0,0,0,0,0,1,1,24,0,0,0,0,1,1,2,2,3,1,4,0,0,0,0,0,0,0,0,1,1,8,12,4,8,3,0,0,31,4,19,2,884,0,0,0,0,0,0,3,3,0,0,45,12,4,8,3,1,1,36,5,23,3,941,0,0,0,0,0,0,0,0,0,0,3,12,4,8,3,1,1,36,5,23,3,944
apache_pulsar,PersistentFailoverE2ETest.testSimpleConsumerEventsWithoutPartition,conc,async,True,143,16,3,0,0,0,0,2,1,10,3,143,0,0,4,1,0,0,4,2,0,0,5,0,0,0,0,0,0,0,0,1,1,6,10,4,1,1,0,0,9,3,9,3,258,4,1,0,0,0,0,0,0,0,0,19,14,4,5,2,0,0,13,3,10,3,288,6,2,2,1,0,0,3,3,0,0,32,20,4,7,2,0,0,16,5,10,3,320
apache_pulsar,ServerCnxTest.testDuplicateConcurrentSubscribeCommand,conc,async,True,18,2,1,0,0,0,0,0,0,0,0,18,0,0,0,0,0,0,2,1,1,1,23,2,1,1,1,0,0,0,0,5,1,58,48,4,7,2,4,1,17,2,0,0,1325,1,1,0,0,0,0,0,0,3,2,36,51,4,8,3,4,1,19,3,9,2,1442,0,0,0,0,0,0,0,0,1,1,10,51,4,8,3,4,1,19,3,10,2,1452
apache_pulsar,AntiAffinityNamespaceGroupTest.testBrokerSelectionForAntiAffinityGroup,conc,async,True,35,1,1,0,0,0,0,3,1,8,1,35,0,0,1,1,0,0,0,0,0,0,13,2,2,9,4,0,0,0,0,5,1,68,0,0,0,0,0,0,28,3,1,1,219,0,0,0,0,0,0,2,1,2,1,12,2,2,10,4,0,0,30,3,8,2,312,0,0,2,1,2,1,0,0,1,1,104,2,2,12,5,2,1,30,3,9,3,416
apache_pulsar,NamespacesTest.testSubscribeRate,async,async,False,27,5,3,0,0,0,0,3,1,0,0,27,0,0,0,0,0,0,2,1,1,1,12,0,0,0,0,0,0,8,3,1,1,58,27,4,0,0,0,0,128,6,35,3,1317,0,0,0,0,0,0,0,0,0,0,0,27,4,0,0,0,0,138,6,37,4,1388,0,0,0,0,0,0,0,0,0,0,0,27,4,0,0,0,0,138,6,37,4,1389
apache_pulsar,ManagedLedgerTest.testMaximumRolloverTime,async,async,False,16,1,1,0,0,0,0,0,0,0,0,16,0,0,0,0,0,0,0,0,1,1,1,0,0,0,0,0,0,0,0,0,0,0,134,6,51,6,2,1,88,5,88,2,2921,0,0,0,0,0,0,0,0,0,0,0,134,6,51,6,2,1,88,5,89,3,2924,0,0,4,2,0,0,3,2,0,0,23,134,6,55,6,2,1,91,5,89,3,2947
apache_pulsar,DiscoveryServiceTest.testBrokerDiscoveryRoundRobin,async,OD,True,10,0,0,0,0,0,0,0,0,0,0,10,1,1,0,0,0,0,0,0,0,0,3,0,0,0,0,0,0,0,0,1,1,6,8,1,0,0,0,0,0,0,0,0,54,2,2,0,0,0,0,0,0,0,0,12,11,3,0,0,0,0,0,0,1,1,75,0,0,0,0,0,0,3,1,0,0,18,11,3,0,0,0,0,3,1,1,1,93
apache_pulsar,PrometheusMetricsTest.testPerTopicStats,conc,async,True,103,0,0,0,0,0,0,22,4,2,1,103,0,0,0,0,0,0,0,0,0,0,0,0,0,0,0,0,0,0,0,1,1,7,5,3,2,1,10,3,183,6,33,1,1012,0,0,0,0,0,0,0,0,0,0,45,5,3,2,1,10,3,183,6,34,1,1065,1,1,1,1,0,0,0,0,0,0,24,6,4,3,1,10,3,183,6,34,1,1089
apache_pulsar,AvroSchemaTest.testNotAllowNullSchema,UC,UC,False,19,0,0,0,0,0,0,1,1,0,0,19,0,0,0,0,0,0,0,0,0,0,1,0,0,0,0,0,0,0,0,0,0,0,0,0,0,0,19,3,2,2,0,0,259,0,0,0,0,0,0,0,0,0,0,3,0,0,0,0,19,3,2,2,0,0,264,0,0,0,0,0,0,0,0,0,0,11,0,0,0,0,19,3,2,2,0,0,275
apache_pulsar,ReplicatorTest.testReplicatorProducerName,async,async,False,15,2,2,0,0,0,0,3,3,0,0,15,0,0,0,0,0,0,0,0,1,1,2,0,0,0,0,0,0,0,0,2,1,12,48,5,8,3,3,2,43,6,21,1,1083,0,0,0,0,0,0,0,0,0,0,0,48,5,8,3,3,2,43,6,24,2,1098,0,0,0,0,0,0,0,0,0,0,4,48,5,8,3,3,2,43,6,24,2,1102
apache_pulsar,MessageIdTest.producerSendAsync,async,async,False,46,2,1,0,0,0,0,4,3,0,0,46,0,0,0,0,0,0,0,0,1,1,1,0,0,0,0,0,0,0,0,1,1,6,0,0,0,0,0,0,2,2,0,0,46,0,0,0,0,0,0,0,0,0,0,0,0,0,0,0,0,0,2,2,2,2,54,0,0,0,0,0,0,0,0,0,0,17,0,0,0,0,0,0,2,2,2,2,71
apache_pulsar,MessageIdTest.testChecksumReconnection,async,async,False,36,4,1,0,0,0,0,0,0,1,1,36,0,0,0,0,0,0,0,0,1,1,1,0,0,0,0,0,0,0,0,1,1,6,6,1,0,0,0,0,12,3,4,2,340,0,0,0,0,0,0,0,0,0,0,0,6,1,0,0,0,0,12,3,6,3,348,13,1,6,4,0,0,0,0,0,0,153,19,2,6,4,0,0,12,3,6,3,501
