pair_id,project_slug,test_class,test_method,flakebench_label,source,pr_touch,overall,before_status,after_status,before_bp,after_bp,before_methods,after_methods,delta_methods,before_anonymous,after_anonymous,pair_dir
P0010,accenture/mercury,org.platformlambda.core.PostOfficeTest,journalYamlTest,unordered collections,idoft,test_only,ok,ok,ok,mercury@e659caf000c2,mercury@2528e2354296,340,340,0,1,1,D:\FSE-2027\FlakyLens\runs2\P0010__mercury__PostOfficeTest.journalYamlTest
P0018,adobe/asset-share-commons,com.adobe.aem.commons.assetshare.content.renditions.download.impl.AssetRenditionsDownloadServletTest,doPost,unordered collections,idoft,prod_only,ok,ok,ok,asset-share-commons@79fcce8819b1,asset-share-commons@a7b1dece99b3,130,130,0,0,0,D:\FSE-2027\FlakyLens\runs2\P0018__asset-share-common__AssetRenditionsDownloa.doPost
P0019,adobe/asset-share-commons,com.adobe.aem.commons.assetshare.content.renditions.download.impl.AssetRenditionsZipperImplTest,getZipEntryName,unordered collections,idoft,prod_only,ok,ok,ok,asset-share-commons@79fcce8819b1,asset-share-commons@a7b1dece99b3,61,61,0,0,0,D:\FSE-2027\FlakyLens\runs2\P0019__asset-share-common__AssetRenditionsZipperI.getZipEntryName
P0020,adobe/asset-share-commons,com.adobe.aem.commons.assetshare.content.renditions.download.impl.AssetRenditionsZipperImplTest,getZipEntryName_GenerateUniqueZipFileNameEntry,unordered collections,idoft,prod_only,ok,ok,ok,asset-share-commons@79fcce8819b1,asset-share-commons@a7b1dece99b3,61,61,0,0,0,D:\FSE-2027\FlakyLens\runs2\P0020__asset-share-common__AssetRenditionsZipperI.getZipEntryName_Ge
P0021,adobe/asset-share-commons,com.adobe.aem.commons.assetshare.content.renditions.download.impl.AssetRenditionsZipperImplTest,pack,unordered collections,idoft,prod_only,ok,ok,ok,asset-share-commons@79fcce8819b1,asset-share-commons@a7b1dece99b3,106,106,0,0,0,D:\FSE-2027\FlakyLens\runs2\P0021__asset-share-common__AssetRenditionsZipperI.pack
P0075,alibaba/fastjson,com.alibaba.json.bvt.issue_1100.Issue1177_2,test_for_issue,unordered collections,idoft,test_only,ok,ok,ok,fastjson@f164d8519ff0,fastjson@65ae52b6b646,387,387,0,5,5,D:\FSE-2027\FlakyLens\runs2\P0075__fastjson__Issue1177_2.test_for_issue
P0079,alibaba/fastjson,com.alibaba.json.bvt.issue_1400.Issue1480,test_for_issue,unordered collections,idoft,test_only,partial,build_failed,,fastjson@97ee7b63bfd1,,,,,,,D:\FSE-2027\FlakyLens\runs2\P0079__fastjson__Issue1480.test_for_issue
P1451,google/testparameterinjector,com.google.testing.junit.testparameterinjector.ParameterValueParsingTest,formatTestNameString_success[ARRAY],unordered collections,idoft,prod_only,ok,ok,ok,TestParameterInjector@5d67f8cb6648,TestParameterInjector@a46bb948ef8b,216,216,0,6,6,D:\FSE-2027\FlakyLens\runs2\P1451__testparameterinjec__ParameterValueParsingT.formatTestNameStri
P1452,google/testparameterinjector,com.google.testing.junit.testparameterinjector.ParameterValueParsingTest,formatTestNameString_success[CHAR_MATCHER],unordered collections,idoft,prod_only,ok,ok,ok,TestParameterInjector@5d67f8cb6648,TestParameterInjector@a46bb948ef8b,216,216,0,6,6,D:\FSE-2027\FlakyLens\runs2\P1452__testparameterinjec__ParameterValueParsingT.formatTestNameStri
P1453,google/testparameterinjector,com.google.testing.junit.testparameterinjector.ParameterValueParsingTest,formatTestNameString_success[EMPTY_STRING],unordered collections,idoft,prod_only,ok,ok,ok,TestParameterInjector@5d67f8cb6648,TestParameterInjector@a46bb948ef8b,216,216,0,6,6,D:\FSE-2027\FlakyLens\runs2\P1453__testparameterinjec__ParameterValueParsingT.formatTestNameStri
P1454,google/testparameterinjector,com.google.testing.junit.testparameterinjector.ParameterValueParsingTest,formatTestNameString_success[INTEGER],unordered collections,idoft,prod_only,ok,ok,ok,TestParameterInjector@5d67f8cb6648,TestParameterInjector@a46bb948ef8b,216,216,0,6,6,D:\FSE-2027\FlakyLens\runs2\P1454__testparameterinjec__ParameterValueParsingT.formatTestNameStri
P1455,google/testparameterinjector,com.google.testing.junit.testparameterinjector.ParameterValueParsingTest,formatTestNameString_success[INTEGER_STRING],unordered collections,idoft,prod_only,ok,ok,ok,TestParameterInjector@5d67f8cb6648,TestParameterInjector@a46bb948ef8b,216,216,0,6,6,D:\FSE-2027\FlakyLens\runs2\P1455__testparameterinjec__ParameterValueParsingT.formatTestNameStri
P1456,google/testparameterinjector,com.google.testing.junit.testparameterinjector.ParameterValueParsingTest,formatTestNameString_success[NULL_REFERENCE],unordered collections,idoft,prod_only,ok,ok,ok,TestParameterInjector@5d67f8cb6648,TestParameterInjector@a46bb948ef8b,216,216,0,6,6,D:\FSE-2027\FlakyLens\runs2\P1456__testparameterinjec__ParameterValueParsingT.formatTestNameStri
P1457,google/testparameterinjector,com.google.testing.junit.testparameterinjector.ParameterValueParsingTest,formatTestNameString_success[NULL_STRING],unordered collections,idoft,prod_only,ok,ok,ok,TestParameterInjector@5d67f8cb6648,TestParameterInjector@a46bb948ef8b,216,216,0,6,6,D:\FSE-2027\FlakyLens\runs2\P1457__testparameterinjec__ParameterValueParsingT.formatTestNameStri
P1458,google/testparameterinjector,com.google.testing.junit.testparameterinjector.ParameterValueParsingTest,formatTestNameString_success[REGULAR_STRING],unordered collections,idoft,prod_only,ok,ok,ok,TestParameterInjector@5d67f8cb6648,TestParameterInjector@a46bb948ef8b,216,216,0,6,6,D:\FSE-2027\FlakyLens\runs2\P1458__testparameterinjec__ParameterValueParsingT.formatTestNameStri
P1459,google/testparameterinjector,com.google.testing.junit.testparameterinjector.ParameterValueParsingTest,parseYamlStringToJavaType_success[BIG_INTEGER_TO_BIGINTEGER],unordered collections,idoft,prod_only,ok,ok,ok,TestParameterInjector@5d67f8cb6648,TestParameterInjector@a46bb948ef8b,218,218,0,6,6,D:\FSE-2027\FlakyLens\runs2\P1459__testparameterinjec__ParameterValueParsingT.parseYamlStringToJ
P1460,google/testparameterinjector,com.google.testing.junit.testparameterinjector.ParameterValueParsingTest,parseYamlStringToJavaType_success[BIG_INTEGER_TO_UNSIGNED_LONG],unordered collections,idoft,prod_only,ok,ok,ok,TestParameterInjector@5d67f8cb6648,TestParameterInjector@a46bb948ef8b,217,217,0,6,6,D:\FSE-2027\FlakyLens\runs2\P1460__testparameterinjec__ParameterValueParsingT.parseYamlStringToJ
P1461,google/testparameterinjector,com.google.testing.junit.testparameterinjector.ParameterValueParsingTest,parseYamlStringToJavaType_success[BINARY_TO_BYTESTRING],unordered collections,idoft,prod_only,ok,ok,ok,TestParameterInjector@5d67f8cb6648,TestParameterInjector@a46bb948ef8b,219,219,0,6,6,D:\FSE-2027\FlakyLens\runs2\P1461__testparameterinjec__ParameterValueParsingT.parseYamlStringToJ
P1462,google/testparameterinjector,com.google.testing.junit.testparameterinjector.ParameterValueParsingTest,parseYamlStringToJavaType_success[BOOLEAN_TO_BOOLEAN],unordered collections,idoft,prod_only,ok,ok,ok,TestParameterInjector@5d67f8cb6648,TestParameterInjector@a46bb948ef8b,217,217,0,6,6,D:\FSE-2027\FlakyLens\runs2\P1462__testparameterinjec__ParameterValueParsingT.parseYamlStringToJ
P1463,google/testparameterinjector,com.google.testing.junit.testparameterinjector.ParameterValueParsingTest,parseYamlStringToJavaType_success[BOOLEAN_TO_STRING],unordered collections,idoft,prod_only,ok,ok,ok,TestParameterInjector@5d67f8cb6648,TestParameterInjector@a46bb948ef8b,217,217,0,6,6,D:\FSE-2027\FlakyLens\runs2\P1463__testparameterinjec__ParameterValueParsingT.parseYamlStringToJ
P1464,google/testparameterinjector,com.google.testing.junit.testparameterinjector.ParameterValueParsingTest,parseYamlStringToJavaType_success[DOUBLE_TO_DOUBLE],unordered collections,idoft,prod_only,ok,ok,ok,TestParameterInjector@5d67f8cb6648,TestParameterInjector@a46bb948ef8b,218,218,0,6,6,D:\FSE-2027\FlakyLens\runs2\P1464__testparameterinjec__ParameterValueParsingT.parseYamlStringToJ
P1465,google/testparameterinjector,com.google.testing.junit.testparameterinjector.ParameterValueParsingTest,parseYamlStringToJavaType_success[DOUBLE_TO_STRING],unordered collections,idoft,prod_only,ok,ok,ok,TestParameterInjector@5d67f8cb6648,TestParameterInjector@a46bb948ef8b,217,217,0,6,6,D:\FSE-2027\FlakyLens\runs2\P1465__testparameterinjec__ParameterValueParsingT.parseYamlStringToJ
P1466,google/testparameterinjector,com.google.testing.junit.testparameterinjector.ParameterValueParsingTest,parseYamlStringToJavaType_success[INFINITY_TO_DOUBLE],unordered collections,idoft,prod_only,ok,ok,ok,TestParameterInjector@5d67f8cb6648,TestParameterInjector@a46bb948ef8b,217,217,0,6,6,D:\FSE-2027\FlakyLens\runs2\P1466__testparameterinjec__ParameterValueParsingT.parseYamlStringToJ
P1467,google/testparameterinjector,com.google.testing.junit.testparameterinjector.ParameterValueParsingTest,parseYamlStringToJavaType_success[INTEGER_TO_BIG_INTEGER],unordered collections,idoft,prod_only,ok,ok,ok,TestParameterInjector@5d67f8cb6648,TestParameterInjector@a46bb948ef8b,218,218,0,6,6,D:\FSE-2027\FlakyLens\runs2\P1467__testparameterinjec__ParameterValueParsingT.parseYamlStringToJ
P1468,google/testparameterinjector,com.google.testing.junit.testparameterinjector.ParameterValueParsingTest,parseYamlStringToJavaType_success[INTEGER_TO_UNSIGNED_LONG],unordered collections,idoft,prod_only,ok,ok,ok,TestParameterInjector@5d67f8cb6648,TestParameterInjector@a46bb948ef8b,219,219,0,6,6,D:\FSE-2027\FlakyLens\runs2\P1468__testparameterinjec__ParameterValueParsingT.parseYamlStringToJ
P1469,google/testparameterinjector,com.google.testing.junit.testparameterinjector.ParameterValueParsingTest,parseYamlStringToJavaType_success[INT_TO_DOUBLE],unordered collections,idoft,prod_only,ok,ok,ok,TestParameterInjector@5d67f8cb6648,TestParameterInjector@a46bb948ef8b,217,217,0,6,6,D:\FSE-2027\FlakyLens\runs2\P1469__testparameterinjec__ParameterValueParsingT.parseYamlStringToJ
P1470,google/testparameterinjector,com.google.testing.junit.testparameterinjector.ParameterValueParsingTest,parseYamlStringToJavaType_success[INT_TO_FLOAT],unordered collections,idoft,prod_only,ok,ok,ok,TestParameterInjector@5d67f8cb6648,TestParameterInjector@a46bb948ef8b,217,217,0,6,6,D:\FSE-2027\FlakyLens\runs2\P1470__testparameterinjec__ParameterValueParsingT.parseYamlStringToJ
P1471,google/testparameterinjector,com.google.testing.junit.testparameterinjector.ParameterValueParsingTest,parseYamlStringToJavaType_success[INT_TO_INT],unordered collections,idoft,prod_only,ok,ok,ok,TestParameterInjector@5d67f8cb6648,TestParameterInjector@a46bb948ef8b,218,218,0,6,6,D:\FSE-2027\FlakyLens\runs2\P1471__testparameterinjec__ParameterValueParsingT.parseYamlStringToJ
P1472,google/testparameterinjector,com.google.testing.junit.testparameterinjector.ParameterValueParsingTest,parseYamlStringToJavaType_success[INT_TO_LONG],unordered collections,idoft,prod_only,ok,ok,ok,TestParameterInjector@5d67f8cb6648,TestParameterInjector@a46bb948ef8b,217,217,0,6,6,D:\FSE-2027\FlakyLens\runs2\P1472__testparameterinjec__ParameterValueParsingT.parseYamlStringToJ
P1473,google/testparameterinjector,com.google.testing.junit.testparameterinjector.ParameterValueParsingTest,parseYamlStringToJavaType_success[INT_TO_STRING],unordered collections,idoft,prod_only,ok,ok,ok,TestParameterInjector@5d67f8cb6648,TestParameterInjector@a46bb948ef8b,217,217,0,6,6,D:\FSE-2027\FlakyLens\runs2\P1473__testparameterinjec__ParameterValueParsingT.parseYamlStringToJ
P1474,google/testparameterinjector,com.google.testing.junit.testparameterinjector.ParameterValueParsingTest,parseYamlStringToJavaType_success[LONG_TO_BIG_INTEGER],unordered collections,idoft,prod_only,ok,ok,ok,TestParameterInjector@5d67f8cb6648,TestParameterInjector@a46bb948ef8b,218,218,0,6,6,D:\FSE-2027\FlakyLens\runs2\P1474__testparameterinjec__ParameterValueParsingT.parseYamlStringToJ
P1475,google/testparameterinjector,com.google.testing.junit.testparameterinjector.ParameterValueParsingTest,parseYamlStringToJavaType_success[LONG_TO_DOUBLE],unordered collections,idoft,prod_only,ok,ok,ok,TestParameterInjector@5d67f8cb6648,TestParameterInjector@a46bb948ef8b,217,217,0,6,6,D:\FSE-2027\FlakyLens\runs2\P1475__testparameterinjec__ParameterValueParsingT.parseYamlStringToJ
P1476,google/testparameterinjector,com.google.testing.junit.testparameterinjector.ParameterValueParsingTest,parseYamlStringToJavaType_success[LONG_TO_LONG],unordered collections,idoft,prod_only,ok,ok,ok,TestParameterInjector@5d67f8cb6648,TestParameterInjector@a46bb948ef8b,218,218,0,6,6,D:\FSE-2027\FlakyLens\runs2\P1476__testparameterinjec__ParameterValueParsingT.parseYamlStringToJ
P1477,google/testparameterinjector,com.google.testing.junit.testparameterinjector.ParameterValueParsingTest,parseYamlStringToJavaType_success[LONG_TO_STRING],unordered collections,idoft,prod_only,ok,ok,ok,TestParameterInjector@5d67f8cb6648,TestParameterInjector@a46bb948ef8b,217,217,0,6,6,D:\FSE-2027\FlakyLens\runs2\P1477__testparameterinjec__ParameterValueParsingT.parseYamlStringToJ
P1478,google/testparameterinjector,com.google.testing.junit.testparameterinjector.ParameterValueParsingTest,parseYamlStringToJavaType_success[LONG_TO_UNSIGNED_LONG],unordered collections,idoft,prod_only,ok,ok,ok,TestParameterInjector@5d67f8cb6648,TestParameterInjector@a46bb948ef8b,219,219,0,6,6,D:\FSE-2027\FlakyLens\runs2\P1478__testparameterinjec__ParameterValueParsingT.parseYamlStringToJ
P1479,google/testparameterinjector,com.google.testing.junit.testparameterinjector.ParameterValueParsingTest,parseYamlStringToJavaType_success[NAN_TO_DOUBLE],unordered collections,idoft,prod_only,ok,ok,ok,TestParameterInjector@5d67f8cb6648,TestParameterInjector@a46bb948ef8b,217,217,0,6,6,D:\FSE-2027\FlakyLens\runs2\P1479__testparameterinjec__ParameterValueParsingT.parseYamlStringToJ
P1480,google/testparameterinjector,com.google.testing.junit.testparameterinjector.ParameterValueParsingTest,parseYamlStringToJavaType_success[NEGATIVE_INFINITY_TO_DOUBLE],unordered collections,idoft,prod_only,ok,ok,ok,TestParameterInjector@5d67f8cb6648,TestParameterInjector@a46bb948ef8b,217,217,0,6,6,D:\FSE-2027\FlakyLens\runs2\P1480__testparameterinjec__ParameterValueParsingT.parseYamlStringToJ
P1481,google/testparameterinjector,com.google.testing.junit.testparameterinjector.ParameterValueParsingTest,parseYamlStringToJavaType_success[POSITIVE_INFINITY_TO_DOUBLE],unordered collections,idoft,prod_only,ok,ok,ok,TestParameterInjector@5d67f8cb6648,TestParameterInjector@a46bb948ef8b,217,217,0,6,6,D:\FSE-2027\FlakyLens\runs2\P1481__testparameterinjec__ParameterValueParsingT.parseYamlStringToJ
P1482,google/testparameterinjector,com.google.testing.junit.testparameterinjector.ParameterValueParsingTest,parseYamlStringToJavaType_success[STRING_TO_BYTESTRING],unordered collections,idoft,prod_only,ok,ok,ok,TestParameterInjector@5d67f8cb6648,TestParameterInjector@a46bb948ef8b,219,219,0,6,6,D:\FSE-2027\FlakyLens\runs2\P1482__testparameterinjec__ParameterValueParsingT.parseYamlStringToJ
P1483,google/testparameterinjector,com.google.testing.junit.testparameterinjector.ParameterValueParsingTest,parseYamlStringToJavaType_success[STRING_TO_BYTES],unordered collections,idoft,prod_only,ok,ok,ok,TestParameterInjector@5d67f8cb6648,TestParameterInjector@a46bb948ef8b,218,218,0,6,6,D:\FSE-2027\FlakyLens\runs2\P1483__testparameterinjec__ParameterValueParsingT.parseYamlStringToJ
P1484,google/testparameterinjector,com.google.testing.junit.testparameterinjector.ParameterValueParsingTest,parseYamlStringToJavaType_success[STRING_TO_ENUM],unordered collections,idoft,prod_only,ok,ok,ok,TestParameterInjector@5d67f8cb6648,TestParameterInjector@a46bb948ef8b,219,219,0,6,6,D:\FSE-2027\FlakyLens\runs2\P1484__testparameterinjec__ParameterValueParsingT.parseYamlStringToJ
P1485,google/testparameterinjector,com.google.testing.junit.testparameterinjector.TestParameterAnnotationMethodProcessorTest,test[AnnotatedSuperclassParameter:SUCCESS_ALWAYS],unordered collections,idoft,prod_only,ok,ok,ok,TestParameterInjector@5d67f8cb6648,TestParameterInjector@a46bb948ef8b,184,184,0,6,6,D:\FSE-2027\FlakyLens\runs2\P1485__testparameterinjec__TestParameterAnnotatio.test_AnnotatedSupe
P1486,google/testparameterinjector,com.google.testing.junit.testparameterinjector.TestParameterAnnotationMethodProcessorTest,test[AnnotationInheritedFromBaseClass:SUCCESS_ALWAYS],unordered collections,idoft,prod_only,ok,ok,ok,TestParameterInjector@5d67f8cb6648,TestParameterInjector@a46bb948ef8b,194,194,0,6,6,D:\FSE-2027\FlakyLens\runs2\P1486__testparameterinjec__TestParameterAnnotatio.test_AnnotationInh
P1487,google/testparameterinjector,com.google.testing.junit.testparameterinjector.TestParameterAnnotationMethodProcessorTest,test[DuplicatedAnnotatedParameterAnnotationClass:SUCCESS_ALWAYS],unordered collections,idoft,prod_only,ok,ok,ok,TestParameterInjector@5d67f8cb6648,TestParameterInjector@a46bb948ef8b,186,186,0,6,6,D:\FSE-2027\FlakyLens\runs2\P1487__testparameterinjec__TestParameterAnnotatio.test_DuplicatedAnn
P1488,google/testparameterinjector,com.google.testing.junit.testparameterinjector.TestParameterAnnotationMethodProcessorTest,test[DuplicateFieldAnnotationTestClass:SUCCESS_ALWAYS],unordered collections,idoft,prod_only,ok,ok,ok,TestParameterInjector@5d67f8cb6648,TestParameterInjector@a46bb948ef8b,179,179,0,4,4,D:\FSE-2027\FlakyLens\runs2\P1488__testparameterinjec__TestParameterAnnotatio.test_DuplicateFiel
P1489,google/testparameterinjector,com.google.testing.junit.testparameterinjector.TestParameterAnnotationMethodProcessorTest,test[DuplicateIdenticalFieldAnnotationTestClass:SUCCESS_ALWAYS],unordered collections,idoft,prod_only,ok,ok,ok,TestParameterInjector@5d67f8cb6648,TestParameterInjector@a46bb948ef8b,179,179,0,4,4,D:\FSE-2027\FlakyLens\runs2\P1489__testparameterinjec__TestParameterAnnotatio.test_DuplicateIden
P1490,google/testparameterinjector,com.google.testing.junit.testparameterinjector.TestParameterAnnotationMethodProcessorTest,test[DuplicateTestNames:SUCCESS_ALWAYS],unordered collections,idoft,prod_only,ok,ok,ok,TestParameterInjector@5d67f8cb6648,TestParameterInjector@a46bb948ef8b,203,203,0,6,6,D:\FSE-2027\FlakyLens\runs2\P1490__testparameterinjec__TestParameterAnnotatio.test_DuplicateTest
P1491,google/testparameterinjector,com.google.testing.junit.testparameterinjector.TestParameterAnnotationMethodProcessorTest,test[IndependentAnnotation:SUCCESS_ALWAYS],unordered collections,idoft,prod_only,ok,ok,ok,TestParameterInjector@5d67f8cb6648,TestParameterInjector@a46bb948ef8b,183,183,0,4,4,D:\FSE-2027\FlakyLens\runs2\P1491__testparameterinjec__TestParameterAnnotatio.test_IndependentAn
P1492,google/testparameterinjector,com.google.testing.junit.testparameterinjector.TestParameterAnnotationMethodProcessorTest,test[MethodEvaluatorClass:SUCCESS_ALWAYS],unordered collections,idoft,prod_only,ok,ok,ok,TestParameterInjector@5d67f8cb6648,TestParameterInjector@a46bb948ef8b,186,186,0,6,6,D:\FSE-2027\FlakyLens\runs2\P1492__testparameterinjec__TestParameterAnnotatio.test_MethodEvaluat
P1493,google/testparameterinjector,com.google.testing.junit.testparameterinjector.TestParameterAnnotationMethodProcessorTest,test[MethodNameContainsOrderedParameterNames:SUCCESS_ALWAYS],unordered collections,idoft,prod_only,ok,ok,ok,TestParameterInjector@5d67f8cb6648,TestParameterInjector@a46bb948ef8b,192,192,0,6,6,D:\FSE-2027\FlakyLens\runs2\P1493__testparameterinjec__TestParameterAnnotatio.test_MethodNameCon
P1494,google/testparameterinjector,com.google.testing.junit.testparameterinjector.TestParameterAnnotationMethodProcessorTest,test[MultipleAllEnumValuesAnnotationClass:SUCCESS_ALWAYS],unordered collections,idoft,prod_only,ok,ok,ok,TestParameterInjector@5d67f8cb6648,TestParameterInjector@a46bb948ef8b,194,194,0,6,6,D:\FSE-2027\FlakyLens\runs2\P1494__testparameterinjec__TestParameterAnnotatio.test_MultipleAllEn
P1495,google/testparameterinjector,com.google.testing.junit.testparameterinjector.TestParameterAnnotationMethodProcessorTest,test[MultipleAnnotationTestClassWithAnnotation:SUCCESS_ALWAYS],unordered collections,idoft,prod_only,ok,ok,ok,TestParameterInjector@5d67f8cb6648,TestParameterInjector@a46bb948ef8b,196,195,-1,6,6,D:\FSE-2027\FlakyLens\runs2\P1495__testparameterinjec__TestParameterAnnotatio.test_MultipleAnnot
P1496,google/testparameterinjector,com.google.testing.junit.testparameterinjector.TestParameterAnnotationMethodProcessorTest,test[SingleAnnotatedParameterAnnotationClass:SUCCESS_ALWAYS],unordered collections,idoft,prod_only,ok,ok,ok,TestParameterInjector@5d67f8cb6648,TestParameterInjector@a46bb948ef8b,184,184,0,6,6,D:\FSE-2027\FlakyLens\runs2\P1496__testparameterinjec__TestParameterAnnotatio.test_SingleAnnotat
P1497,google/testparameterinjector,com.google.testing.junit.testparameterinjector.TestParameterAnnotationMethodProcessorTest,test[TestNamesTest:SUCCESS_ALWAYS],unordered collections,idoft,prod_only,ok,ok,ok,TestParameterInjector@5d67f8cb6648,TestParameterInjector@a46bb948ef8b,208,208,0,6,6,D:\FSE-2027\FlakyLens\runs2\P1497__testparameterinjec__TestParameterAnnotatio.test_TestNamesTest
P1498,google/testparameterinjector,com.google.testing.junit.testparameterinjector.TestParameterAnnotationMethodProcessorTest,test[TooLongTestNamesShortened:SUCCESS_ALWAYS],unordered collections,idoft,prod_only,ok,ok,ok,TestParameterInjector@5d67f8cb6648,TestParameterInjector@a46bb948ef8b,196,196,0,6,6,D:\FSE-2027\FlakyLens\runs2\P1498__testparameterinjec__TestParameterAnnotatio.test_TooLongTestNa
P1499,google/testparameterinjector,com.google.testing.junit.testparameterinjector.TestParametersMethodProcessorTest,test_success[MixedWithTestParameterMethodAnnotation],unordered collections,idoft,prod_only,ok,ok,ok,TestParameterInjector@5d67f8cb6648,TestParameterInjector@a46bb948ef8b,234,234,0,6,6,D:\FSE-2027\FlakyLens\runs2\P1499__testparameterinjec__TestParametersMethodPr.test_success_Mixed
P1500,google/testparameterinjector,com.google.testing.junit.testparameterinjector.TestParameterTest,test[MultipleAnnotatedParameters],unordered collections,idoft,prod_only,ok,ok,ok,TestParameterInjector@5d67f8cb6648,TestParameterInjector@a46bb948ef8b,198,198,0,6,6,D:\FSE-2027\FlakyLens\runs2\P1500__testparameterinjec__TestParameterTest.test_MultipleAnnot
P1501,google/testparameterinjector,com.google.testing.junit.testparameterinjector.TestParameterTest,test[WithValuesProvider],unordered collections,idoft,prod_only,ok,ok,ok,TestParameterInjector@5d67f8cb6648,TestParameterInjector@a46bb948ef8b,198,198,0,6,6,D:\FSE-2027\FlakyLens\runs2\P1501__testparameterinjec__TestParameterTest.test_WithValuesPro
