project,test,truth,pred,wrong,sha,path,file,note
cdapio_cdap,WorkflowHttpHandlerTest.testWorkflowForkFailure,conc,UC,True,37aadf29,cdap-app-fabric-tests/src/test/java/io/cdap/cdap/internal/app/services/http/handlers/WorkflowHttpHandlerTest.java,WorkflowHttpHandlerTest__testWorkflowForkFailure.java,
cdapio_cdap,PreviewDataPipelineTest.testLogicalTypePreviewRun,time,UC,True,37aadf29,cdap-app-templates/cdap-etl/cdap-data-pipeline-base/src/test/java/io/cdap/cdap/datapipeline/preview/PreviewDataPipelineTest.java,PreviewDataPipelineTest__testLogicalTypePreviewRun.java,
cdapio_cdap,ProgramLifecycleHttpHandlerTest.testStartProgramWithDisabledRuntimeArgs,async,OD,True,,,,
cdapio_cdap,WorkflowClientTestRun.testWorkflowClient,async,async,False,37aadf29,cdap-client-tests/src/test/java/io/cdap/cdap/client/WorkflowClientTestRun.java,WorkflowClientTestRun__testWorkflowClient.java,
cdapio_cdap,TestFrameworkTestRun.testWorkerInstances,async,async,False,37aadf29,cdap-unit-test/src/test/java/io/cdap/cdap/test/app/TestFrameworkTestRun.java,TestFrameworkTestRun__testWorkerInstances.java,
cdapio_cdap,ProvisioningServiceTest.testCancelDeprovision,OD,async,True,37aadf29,cdap-app-fabric/src/test/java/io/cdap/cdap/internal/provision/ProvisioningServiceTest.java,ProvisioningServiceTest__testCancelDeprovision.java,
cdapio_cdap,MetadataSubscriberServiceTest.testSubscriber,async,UC,True,37aadf29,cdap-app-fabric/src/test/java/io/cdap/cdap/metadata/MetadataSubscriberServiceTest.java,MetadataSubscriberServiceTest__testSubscriber.java,
cdapio_cdap,WorkflowHttpHandlerTest.testWorkflowTokenPut,async,OD,True,37aadf29,cdap-app-fabric-tests/src/test/java/io/cdap/cdap/internal/app/services/http/handlers/WorkflowHttpHandlerTest.java,WorkflowHttpHandlerTest__testWorkflowTokenPut.java,
cdapio_cdap,MetadataHttpHandlerTestRun.testSystemMetadataRetrieval,async,time,True,37aadf29,cdap-client-tests/src/test/java/io/cdap/cdap/client/MetadataHttpHandlerTestRun.java,MetadataHttpHandlerTestRun__testSystemMetadataRetrieval.java,
cdapio_cdap,TestFrameworkTestRun.testAppWithServices,conc,async,True,37aadf29,cdap-unit-test/src/test/java/io/cdap/cdap/test/app/TestFrameworkTestRun.java,TestFrameworkTestRun__testAppWithServices.java,
cdapio_cdap,MetricsQueryTestRun.testingUserServiceGaugeMetrics,async,async,False,,,,
neo4j_neo4j,RobustJobSchedulerWrapperTest.shouldBeAbleToCancelJob,conc,async,True,1feb500d,enterprise/causal-clustering/src/test/java/org/neo4j/causalclustering/helper/RobustJobSchedulerWrapperTest.java,RobustJobSchedulerWrapperTest__shouldBeAbleToCancelJob.java,
neo4j_neo4j,RobustJobSchedulerWrapperTest.recurringJobWithExceptionShouldKeepRunning,conc,async,True,1feb500d,enterprise/causal-clustering/src/test/java/org/neo4j/causalclustering/helper/RobustJobSchedulerWrapperTest.java,RobustJobSchedulerWrapperTest__recurringJobWithExceptionShouldKeepRunning.java,
neo4j_neo4j,createdWorkerThreadsShouldContainConnectorName,conc,conc,False,,,,
neo4j_neo4j,RaftMessageProcessingMetricTest.shouldBeAbleToUpdateAllMessageTypes,time,time,False,bfaea9cd,enterprise/metrics/src/test/java/org/neo4j/metrics/source/causalclustering/RaftMessageProcessingMetricTest.java,RaftMessageProcessingMetricTest__shouldBeAbleToUpdateAllMessageTypes.java,
neo4j_neo4j,shouldPickANewServerToWriteToOnLeaderSwitch,conc,conc,False,,,,
neo4j_neo4j,RobustJobSchedulerWrapperTest.recurringJobWithErrorShouldStop,conc,async,True,1feb500d,enterprise/causal-clustering/src/test/java/org/neo4j/causalclustering/helper/RobustJobSchedulerWrapperTest.java,RobustJobSchedulerWrapperTest__recurringJobWithErrorShouldStop.java,
neo4j_neo4j,shouldBuildUpGracefullyUntilReachedMinPoolSize,conc,async,True,,,,
neo4j_neo4j,schema.IndexPopulationIT.shutdownDatabaseDuringIndexPopulations,conc,OD,True,,,,
wildfly_wildfly,b19048b72669fc0e96665b1b125dc1fda21f5993.testFireObjectEvent,OD,async,True,,naming/src/test/java/org/jboss/as/naming/NamingEventCoordinatorTestCase.java,NamingEventCoordinatorTestCase__testFireObjectEvent.java,by-method-search
wildfly_wildfly,b19048b72669fc0e96665b1b125dc1fda21f5993.testCreateSubcontext,OD,OD,False,,,,ambiguous:2
wildfly_wildfly,b19048b72669fc0e96665b1b125dc1fda21f5993.testLookupContextLink,OD,OD,False,,naming/src/test/java/org/jboss/as/naming/NamingContextTestCase.java,NamingContextTestCase__testLookupContextLink.java,by-method-search
wildfly_wildfly,b19048b72669fc0e96665b1b125dc1fda21f5993.testLookupEmptyName,OD,OD,False,,,,ambiguous:2
wildfly_wildfly,b19048b72669fc0e96665b1b125dc1fda21f5993.testCompositeBindingOps,OD,OD,False,,naming/src/test/java/org/jboss/as/naming/subsystem/NamingSubsystemTestCase.java,NamingSubsystemTestCase__testCompositeBindingOps.java,by-method-search
wildfly_wildfly,b19048b72669fc0e96665b1b125dc1fda21f5993.testBindAndRetrieveObjectFactoryFromNamingContext,OD,OD,False,,naming/src/test/java/org/jboss/as/naming/ObjectFactoryTestCase.java,ObjectFactoryTestCase__testBindAndRetrieveObjectFactoryFromNamingContext.java,by-method-search
wildfly_wildfly,b19048b72669fc0e96665b1b125dc1fda21f5993.testJavaContext,OD,OD,False,,naming/src/test/java/org/jboss/as/naming/InitialContextFactoryTestCase.java,InitialContextFactoryTestCase__testJavaContext.java,by-method-search
wildfly_wildfly,b19048b72669fc0e96665b1b125dc1fda21f5993.testLookupWithContinuation,OD,OD,False,,naming/src/test/java/org/jboss/as/naming/NamingContextTestCase.java,NamingContextTestCase__testLookupWithContinuation.java,by-method-search
wildfly_wildfly,b19048b72669fc0e96665b1b125dc1fda21f5993.testInitialFactory,OD,OD,False,,naming/src/test/java/org/jboss/as/naming/InitialContextFactoryTestCase.java,InitialContextFactoryTestCase__testInitialFactory.java,by-method-search
wildfly_wildfly,b19048b72669fc0e96665b1b125dc1fda21f5993.testBind.2,OD,OD,False,,,,
wildfly_wildfly,b19048b72669fc0e96665b1b125dc1fda21f5993.testRejectionEAP6,OD,OD,False,,,,
wildfly_wildfly,b19048b72669fc0e96665b1b125dc1fda21f5993.testLookupLink,OD,OD,False,,naming/src/test/java/org/jboss/as/naming/NamingContextTestCase.java,NamingContextTestCase__testLookupLink.java,by-method-search
wildfly_wildfly,b19048b72669fc0e96665b1b125dc1fda21f5993.testLookupReference,OD,OD,False,,naming/src/test/java/org/jboss/as/naming/NamingContextTestCase.java,NamingContextTestCase__testLookupReference.java,by-method-search
wildfly_wildfly,b19048b72669fc0e96665b1b125dc1fda21f5993.testListNameNotFound,OD,OD,False,,,,ambiguous:2
wildfly_wildfly,b19048b72669fc0e96665b1b125dc1fda21f5993.testCompositeBindingUpdate,OD,OD,False,,naming/src/test/java/org/jboss/as/naming/subsystem/NamingSubsystemTestCase.java,NamingSubsystemTestCase__testCompositeBindingUpdate.java,by-method-search
wildfly_wildfly,b19048b72669fc0e96665b1b125dc1fda21f5993.testStoredContext,OD,conc,True,,naming/src/test/java/org/jboss/as/naming/ServiceBasedNamingStoreTestCase.java,ServiceBasedNamingStoreTestCase__testStoredContext.java,by-method-search
wildfly_wildfly,b19048b72669fc0e96665b1b125dc1fda21f5993.testBindAndRetrieveObjectFactoryFromInitialContext,OD,OD,False,,naming/src/test/java/org/jboss/as/naming/ObjectFactoryTestCase.java,ObjectFactoryTestCase__testBindAndRetrieveObjectFactoryFromInitialContext.java,by-method-search
wildfly_wildfly,b19048b72669fc0e96665b1b125dc1fda21f5993.testFireOneLevelEvent,OD,async,True,,naming/src/test/java/org/jboss/as/naming/NamingEventCoordinatorTestCase.java,NamingEventCoordinatorTestCase__testFireOneLevelEvent.java,by-method-search
wildfly_wildfly,b19048b72669fc0e96665b1b125dc1fda21f5993.testLookupWitResolveResult,OD,OD,False,,naming/src/test/java/org/jboss/as/naming/NamingContextTestCase.java,NamingContextTestCase__testLookupWitResolveResult.java,by-method-search
wildfly_wildfly,b19048b72669fc0e96665b1b125dc1fda21f5993.testRejectionEAP7,OD,OD,False,,,,
wildfly_wildfly,b19048b72669fc0e96665b1b125dc1fda21f5993.testBindNested,OD,OD,False,,naming/src/test/java/org/jboss/as/naming/WritableServiceBasedNamingStoreTestCase.java,WritableServiceBasedNamingStoreTestCase__testBindNested.java,by-method-search
wildfly_wildfly,b19048b72669fc0e96665b1b125dc1fda21f5993.testLookupBindingUsingNestedContext,OD,UC,True,,naming/src/test/java/org/jboss/as/naming/ServiceBasedNamingStoreTestCase.java,ServiceBasedNamingStoreTestCase__testLookupBindingUsingNestedContext.java,by-method-search
wildfly_wildfly,b19048b72669fc0e96665b1b125dc1fda21f5993.testBind,OD,OD,False,,,,ambiguous:2
wildfly_wildfly,b19048b72669fc0e96665b1b125dc1fda21f5993.testLookupBinding.2.,OD,UC,True,,,,
wildfly_wildfly,b19048b72669fc0e96665b1b125dc1fda21f5993.testBindReferenceable,OD,OD,False,,naming/src/test/java/org/jboss/as/naming/NamingContextTestCase.java,NamingContextTestCase__testBindReferenceable.java,by-method-search
wildfly_wildfly,b19048b72669fc0e96665b1b125dc1fda21f5993.testFireAllEvent,OD,async,True,,naming/src/test/java/org/jboss/as/naming/NamingEventCoordinatorTestCase.java,NamingEventCoordinatorTestCase__testFireAllEvent.java,by-method-search
wildfly_wildfly,b19048b72669fc0e96665b1b125dc1fda21f5993.testRebind,OD,OD,False,,,,ambiguous:2
wildfly_wildfly,b19048b72669fc0e96665b1b125dc1fda21f5993.testList,OD,OD,False,,,,ambiguous:3
wildfly_wildfly,b19048b72669fc0e96665b1b125dc1fda21f5993.testListBindings,OD,OD,False,,,,ambiguous:3
wildfly_wildfly,b19048b72669fc0e96665b1b125dc1fda21f5993.testListWithContinuation,OD,OD,False,,naming/src/test/java/org/jboss/as/naming/NamingContextTestCase.java,NamingContextTestCase__testListWithContinuation.java,by-method-search
wildfly_wildfly,b19048b72669fc0e96665b1b125dc1fda21f5993.testLookupNameNotFound,OD,OD,False,,,,ambiguous:2
wildfly_wildfly,b19048b72669fc0e96665b1b125dc1fda21f5993.testRebindReferenceable,OD,OD,False,,naming/src/test/java/org/jboss/as/naming/NamingContextTestCase.java,NamingContextTestCase__testRebindReferenceable.java,by-method-search
wildfly_wildfly,b19048b72669fc0e96665b1b125dc1fda21f5993.testRebind.2,OD,OD,False,,,,
wildfly_wildfly,b19048b72669fc0e96665b1b125dc1fda21f5993.testUnbind,OD,OD,False,,,,ambiguous:2
wildfly_wildfly,b19048b72669fc0e96665b1b125dc1fda21f5993.testFireMultipleLevelEvent,OD,conc,True,,,,
wildfly_wildfly,b19048b72669fc0e96665b1b125dc1fda21f5993.testFireSubTreeEvent,OD,async,True,,naming/src/test/java/org/jboss/as/naming/NamingEventCoordinatorTestCase.java,NamingEventCoordinatorTestCase__testFireSubTreeEvent.java,by-method-search
wildfly_wildfly,b19048b72669fc0e96665b1b125dc1fda21f5993.testListBindingsNameNotFound,OD,OD,False,,,,ambiguous:2
wildfly_wildfly,b19048b72669fc0e96665b1b125dc1fda21f5993.testRegisterURLSchemeHandler,OD,OD,False,,naming/src/test/java/org/jboss/as/naming/InitialContextTestCase.java,InitialContextTestCase__testRegisterURLSchemeHandler.java,by-method-search
wildfly_wildfly,b19048b72669fc0e96665b1b125dc1fda21f5993.testOnlyExternalContextAllowsCache,OD,conc,True,,naming/src/test/java/org/jboss/as/naming/subsystem/NamingSubsystemTestCase.java,NamingSubsystemTestCase__testOnlyExternalContextAllowsCache.java,by-method-search
wildfly_wildfly,b19048b72669fc0e96665b1b125dc1fda21f5993.testLookup,OD,OD,False,,,,ambiguous:3
wildfly_wildfly,b19048b72669fc0e96665b1b125dc1fda21f5993.testListBindings.2.,OD,UC,True,,,,
wildfly_wildfly,b19048b72669fc0e96665b1b125dc1fda21f5993.testListBindingsWithContinuation,OD,OD,False,,naming/src/test/java/org/jboss/as/naming/NamingContextTestCase.java,NamingContextTestCase__testListBindingsWithContinuation.java,by-method-search
apache_hadoop,TestDelegationTokenRenewer.testAddRemoveRenewAction,async,async,False,14cd969b,hadoop-common-project/hadoop-common/src/test/java/org/apache/hadoop/fs/TestDelegationTokenRenewer.java,TestDelegationTokenRenewer__testAddRemoveRenewAction.java,
apache_hadoop,TestPathData.testToFile,OD,UC,True,14cd969b,hadoop-common-project/hadoop-common/src/test/java/org/apache/hadoop/fs/shell/TestPathData.java,TestPathData__testToFile.java,
apache_hadoop,TestLocalDirAllocator.testRemoveContext,OD,OD,False,14cd969b,hadoop-common-project/hadoop-common/src/test/java/org/apache/hadoop/fs/TestLocalDirAllocator.java,TestLocalDirAllocator__testRemoveContext.java,
apache_hadoop,TestRMContainerAllocator.testSimple,async,async,False,14cd969b,hadoop-mapreduce-project/hadoop-mapreduce-client/hadoop-mapreduce-client-app/src/test/java/org/apache/hadoop/mapreduce/v2/app/rm/TestRMContainerAllocator.java,TestRMContainerAllocator__testSimple.java,
apache_hadoop,TestDelegationToken.testDelegationTokenSecretManager,conc,async,True,14cd969b,hadoop-common-project/hadoop-common/src/test/java/org/apache/hadoop/security/token/delegation/TestDelegationToken.java,TestDelegationToken__testDelegationTokenSecretManager.java,
apache_hadoop,TestDFSIO.testReadSkip,OD,time,True,14cd969b,hadoop-mapreduce-project/hadoop-mapreduce-client/hadoop-mapreduce-client-jobclient/src/test/java/org/apache/hadoop/fs/TestDFSIO.java,TestDFSIO__testReadSkip.java,
apache_hadoop,TestDFSIO.testReadBackward,OD,time,True,14cd969b,hadoop-mapreduce-project/hadoop-mapreduce-client/hadoop-mapreduce-client-jobclient/src/test/java/org/apache/hadoop/fs/TestDFSIO.java,TestDFSIO__testReadBackward.java,
apache_hadoop,TestDFSIO.testReadRandom,OD,time,True,14cd969b,hadoop-mapreduce-project/hadoop-mapreduce-client/hadoop-mapreduce-client-jobclient/src/test/java/org/apache/hadoop/fs/TestDFSIO.java,TestDFSIO__testReadRandom.java,
apache_hadoop,TestPeerCache.testEviction,OD,async,True,14cd969b,hadoop-hdfs-project/hadoop-hdfs-client/src/test/java/org/apache/hadoop/hdfs/TestPeerCache.java,TestPeerCache__testEviction.java,
apache_hadoop,TestHftpFileSystem.testHftpDefaultPorts,OD,OD,False,,,,
apache_hadoop,TestPathData.testUnqualifiedUriContents,OD,UC,True,14cd969b,hadoop-common-project/hadoop-common/src/test/java/org/apache/hadoop/fs/shell/TestPathData.java,TestPathData__testUnqualifiedUriContents.java,
apache_hadoop,TestBlockFixer.testGeneratedBlock,conc,async,True,,,,
apache_hadoop,TestRPCCompatibility.testVersion2ClientVersion2Server,OD,async,True,5537c6b2,hadoop-common-project/hadoop-common/src/test/java/org/apache/hadoop/ipc/TestRPCCompatibility.java,TestRPCCompatibility__testVersion2ClientVersion2Server.java,
apache_hadoop,TestDelegationTokenForProxyUser.testDelegationTokenWithRealUser,OD,conc,True,14cd969b,hadoop-hdfs-project/hadoop-hdfs/src/test/java/org/apache/hadoop/hdfs/security/TestDelegationTokenForProxyUser.java,TestDelegationTokenForProxyUser__testDelegationTokenWithRealUser.java,
apache_hadoop,TestPathData.testWithStringAndConfForBuggyPath,OD,OD,False,14cd969b,hadoop-common-project/hadoop-common/src/test/java/org/apache/hadoop/fs/shell/TestPathData.java,TestPathData__testWithStringAndConfForBuggyPath.java,
apache_hadoop,TestModTime.testModTime,time,time,False,14cd969b,hadoop-hdfs-project/hadoop-hdfs/src/test/java/org/apache/hadoop/hdfs/TestModTime.java,TestModTime__testModTime.java,
apache_hadoop,TestPathData.testWithDirStringAndConf,OD,OD,False,14cd969b,hadoop-common-project/hadoop-common/src/test/java/org/apache/hadoop/fs/shell/TestPathData.java,TestPathData__testWithDirStringAndConf.java,
apache_hadoop,testPendingAndInvalidate,conc,async,True,,,,
apache_hadoop,TestPathData.testQualifiedUriContents,OD,UC,True,14cd969b,hadoop-common-project/hadoop-common/src/test/java/org/apache/hadoop/fs/shell/TestPathData.java,TestPathData__testQualifiedUriContents.java,
apache_hadoop,TestPathData.testCwdContents,OD,UC,True,14cd969b,hadoop-common-project/hadoop-common/src/test/java/org/apache/hadoop/fs/shell/TestPathData.java,TestPathData__testCwdContents.java,
apache_hadoop,TestHftpFileSystem.testHftpCustomDefaultPorts,OD,time,True,,,,
apache_hadoop,TestSecurityUtil.testBuildDTServiceName,OD,OD,False,14cd969b,hadoop-common-project/hadoop-common/src/test/java/org/apache/hadoop/security/TestSecurityUtil.java,TestSecurityUtil__testBuildDTServiceName.java,
apache_hadoop,TestUnderReplicatedBlocks.testSetrepIncWithUnderReplicatedBlocks,async,async,False,5537c6b2,hadoop-hdfs-project/hadoop-hdfs/src/test/java/org/apache/hadoop/hdfs/server/blockmanagement/TestUnderReplicatedBlocks.java,TestUnderReplicatedBlocks__testSetrepIncWithUnderReplicatedBlocks.java,
apache_hadoop,TestDelegationTokenForProxyUser.testWebHdfsDoAs,OD,conc,True,14cd969b,hadoop-hdfs-project/hadoop-hdfs/src/test/java/org/apache/hadoop/hdfs/security/TestDelegationTokenForProxyUser.java,TestDelegationTokenForProxyUser__testWebHdfsDoAs.java,
apache_hadoop,TestMetricsSystemImpl.testInitFirstVerifyCallBacks,UC,async,True,14cd969b,hadoop-common-project/hadoop-common/src/test/java/org/apache/hadoop/metrics2/impl/TestMetricsSystemImpl.java,TestMetricsSystemImpl__testInitFirstVerifyCallBacks.java,
apache_hadoop,TestFairScheduler.testContinuousScheduling,async,async,False,,,,
apache_hadoop,TestWritableName.testSetName,OD,OD,False,14cd969b,hadoop-common-project/hadoop-common/src/test/java/org/apache/hadoop/io/TestWritableName.java,TestWritableName__testSetName.java,
apache_hadoop,TestPeerCache.testAddAndRetrieve,OD,async,True,14cd969b,hadoop-hdfs-project/hadoop-hdfs-client/src/test/java/org/apache/hadoop/hdfs/TestPeerCache.java,TestPeerCache__testAddAndRetrieve.java,
apache_hadoop,TestDFSIO.testRead,OD,time,True,14cd969b,hadoop-mapreduce-project/hadoop-mapreduce-client/hadoop-mapreduce-client-jobclient/src/test/java/org/apache/hadoop/fs/TestDFSIO.java,TestDFSIO__testRead.java,
apache_hadoop,TestHftpFileSystem.testHftpCustomUriPortWithDefaultPorts,OD,OD,False,,,,
apache_hadoop,TestPeerCache.testExpiry,OD,async,True,14cd969b,hadoop-hdfs-project/hadoop-hdfs-client/src/test/java/org/apache/hadoop/hdfs/TestPeerCache.java,TestPeerCache__testExpiry.java,
apache_hadoop,TestSecurityUtil.testBuildTokenServiceSockAddr,OD,OD,False,14cd969b,hadoop-common-project/hadoop-common/src/test/java/org/apache/hadoop/security/TestSecurityUtil.java,TestSecurityUtil__testBuildTokenServiceSockAddr.java,
apache_hadoop,TestDFSIO.testWrite,OD,time,True,14cd969b,hadoop-mapreduce-project/hadoop-mapreduce-client/hadoop-mapreduce-client-jobclient/src/test/java/org/apache/hadoop/fs/TestDFSIO.java,TestDFSIO__testWrite.java,
apache_pulsar,TopicReaderTest.testMultiReaderIsAbleToSeekWithTimeOnMiddleOfTopic,time,time,False,1fd44908,pulsar-broker/src/test/java/org/apache/pulsar/client/api/TopicReaderTest.java,TopicReaderTest__testMultiReaderIsAbleToSeekWithTimeOnMiddleOfTopic.java,
apache_pulsar,ZKSessionTest.testReacquireLocksAfterSessionLost,async,async,False,1fd44908,pulsar-metadata/src/test/java/org/apache/pulsar/metadata/ZKSessionTest.java,ZKSessionTest__testReacquireLocksAfterSessionLost.java,
apache_pulsar,BacklogQuotaManagerTest.testConsumerBacklogEvictionTimeQuotaWithEmptyLedger,async,async,False,1fd44908,pulsar-broker/src/test/java/org/apache/pulsar/broker/service/BacklogQuotaManagerTest.java,BacklogQuotaManagerTest__testConsumerBacklogEvictionTimeQuotaWithEmptyLedger.java,
apache_pulsar,InactiveTopicDeleteTest.testTopicLevelInActiveTopicApi,async,async,False,1fd44908,pulsar-broker/src/test/java/org/apache/pulsar/broker/service/InactiveTopicDeleteTest.java,InactiveTopicDeleteTest__testTopicLevelInActiveTopicApi.java,
apache_pulsar,testTransactionMetaStoreAssignAndFailover,async,async,False,,,,
apache_pulsar,KeySharedSubscriptionTest.testRemoveFirstConsumer,async,async,False,1fd44908,pulsar-broker/src/test/java/org/apache/pulsar/client/api/KeySharedSubscriptionTest.java,KeySharedSubscriptionTest__testRemoveFirstConsumer.java,
apache_pulsar,PersistentFailoverE2ETest.testSimpleConsumerEventsWithoutPartition,conc,async,True,1fd44908,pulsar-broker/src/test/java/org/apache/pulsar/broker/service/PersistentFailoverE2ETest.java,PersistentFailoverE2ETest__testSimpleConsumerEventsWithoutPartition.java,
apache_pulsar,ServerCnxTest.testDuplicateConcurrentSubscribeCommand,conc,async,True,1fd44908,pulsar-broker/src/test/java/org/apache/pulsar/broker/service/ServerCnxTest.java,ServerCnxTest__testDuplicateConcurrentSubscribeCommand.java,
apache_pulsar,AntiAffinityNamespaceGroupTest.testBrokerSelectionForAntiAffinityGroup,conc,async,True,1fd44908,pulsar-broker/src/test/java/org/apache/pulsar/broker/loadbalance/AntiAffinityNamespaceGroupTest.java,AntiAffinityNamespaceGroupTest__testBrokerSelectionForAntiAffinityGroup.java,
apache_pulsar,NamespacesTest.testSubscribeRate,async,async,False,1fd44908,pulsar-broker/src/test/java/org/apache/pulsar/broker/admin/NamespacesTest.java,NamespacesTest__testSubscribeRate.java,
apache_pulsar,testTopicLevelInactivePolicyUpdateAndClean,async,async,False,,,,
apache_pulsar,ManagedLedgerTest.testMaximumRolloverTime,async,async,False,1fd44908,managed-ledger/src/test/java/org/apache/bookkeeper/mledger/impl/ManagedLedgerTest.java,ManagedLedgerTest__testMaximumRolloverTime.java,
apache_pulsar,DiscoveryServiceTest.testBrokerDiscoveryRoundRobin,async,OD,True,4f1bc772,pulsar-discovery-service/src/test/java/org/apache/pulsar/discovery/service/DiscoveryServiceTest.java,DiscoveryServiceTest__testBrokerDiscoveryRoundRobin.java,
apache_pulsar,PrometheusMetricsTest.testPerTopicStats,conc,async,True,1fd44908,pulsar-broker/src/test/java/org/apache/pulsar/broker/stats/PrometheusMetricsTest.java,PrometheusMetricsTest__testPerTopicStats.java,
apache_pulsar,testAsyncFunction,conc,async,True,,,,
apache_pulsar,testLedgerReachMaximumRolloverTime,async,time,True,,,,
apache_pulsar,AvroSchemaTest.testNotAllowNullSchema,UC,UC,False,1fd44908,pulsar-client/src/test/java/org/apache/pulsar/client/impl/schema/AvroSchemaTest.java,AvroSchemaTest__testNotAllowNullSchema.java,
apache_pulsar,ReplicatorTest.testReplicatorProducerName,async,async,False,1fd44908,pulsar-broker/src/test/java/org/apache/pulsar/broker/service/ReplicatorTest.java,ReplicatorTest__testReplicatorProducerName.java,
apache_pulsar,MessageIdTest.producerSendAsync,async,async,False,1fd44908,pulsar-broker/src/test/java/org/apache/pulsar/client/impl/MessageIdTest.java,MessageIdTest__producerSendAsync.java,
apache_pulsar,MessageIdTest.testChecksumReconnection,async,async,False,505e08a7,pulsar-broker/src/test/java/org/apache/pulsar/client/impl/MessageIdTest.java,MessageIdTest__testChecksumReconnection.java,
apache_pulsar,shouldTerminateWhenFutureIsCancelled,conc,async,True,,,,
apache_pulsar,socketTest,async,async,False,,,,
